Hora del año,Velocidad medida del viento (m/s)
1,8.67
2,8.37
3,6.83
4,7.1
5,8.04
6,5.31
7,7.25
8,7.82
9,9.32
10,9.56
11,10.36
12,11.91
13,10.66
14,9.76
15,11.34
16,10.42
17,11.33
18,10.47
19,11.06
20,11.88
21,9.22
22,8.4
23,8.86
24,7.53
25,6.96
26,5.09
27,5.65
28,6.53
29,5.96
30,6.08
31,7.24
32,8.69
33,9.13
34,9.64
35,11.67
36,10.29
37,9.76
38,12.48
39,12.51
40,11.49
41,12.81
42,12.31
43,10.57
44,10.81
45,11.39
46,9.17
47,7.03
48,8
49,5.98
50,5.07
51,5.66
52,6.29
53,5.39
54,7.27
55,6.94
56,6.85
57,8.62
58,7.65
59,6.93
60,5.49
61,5.14
62,6.37
63,6.33
64,5.09
65,3.77
66,3.08
67,4.15
68,3.31
69,4.01
70,5.76
71,6
72,5.69
73,6.49
74,8.02
75,9.53
76,9.11
77,8.12
78,8.01
79,7.87
80,5.79
81,7.41
82,9.42
83,9
84,9.26
85,9.19
86,7.52
87,6.32
88,6.3
89,7.56
90,8.97
91,10.83
92,11.44
93,8.8
94,7.29
95,6.59
96,8.11
97,6.97
98,4.97
99,4.63
100,4.59
101,5.78
102,5.31
103,6.11
104,5.81
105,6.21
106,5.9
107,6.98
108,7.75
109,8.13
110,6.47
111,7.14
112,7.45
113,6.36
114,8.25
115,8.85
116,7.38
117,7.56
118,6.86
119,6.22
120,7.76
121,6.35
122,6.69
123,8.21
124,5.63
125,5.74
126,4.25
127,4.66
128,4.12
129,3.79
130,3.86
131,3.03
132,2.09
133,2.49
134,3.45
135,2.43
136,2.83
137,3.42
138,4.66
139,3.69
140,2.69
141,2.8
142,2.66
143,2.07
144,1.77
145,2.42
146,4.01
147,4.72
148,5.55
149,6.92
150,8.43
151,8.92
152,8.44
153,6.85
154,5.61
155,5.25
156,7.3
157,8.67
158,8.24
159,6.61
160,6.52
161,6.44
162,7.12
163,7.25
164,7.3
165,5.34
166,5.57
167,4.93
168,6.4
169,6.61
170,6.28
171,5.13
172,5.04
173,4.23
174,4.37
175,4.91
176,5.36
177,5.52
178,4.71
179,3.64
180,4.35
181,5.13
182,4.31
183,5.42
184,7.44
185,7.98
186,8.04
187,8.04
188,6.71
189,6.87
190,8.31
191,9.17
192,8.47
193,9.18
194,11.41
195,12.43
196,12.11
197,10.81
198,8.13
199,7.4
200,8.09
201,7.67
202,6.6
203,5.9
204,7.76
205,8.22
206,8.88
207,10.61
208,11.21
209,9.44
210,9.17
211,12.38
212,12.5
213,11.28
214,11.74
215,11.34
216,11.67
217,10.42
218,11.75
219,10.58
220,11.16
221,11.65
222,12.98
223,9.87
224,8.36
225,6.84
226,6.3
227,4.81
228,7.13
229,7.13
230,7.7
231,9.13
232,10.02
233,10.4
234,13.26
235,13.46
236,12.44
237,13.12
238,12.2
239,13.75
240,14.69
241,13.17
242,13.87
243,14.17
244,17.98
245,19.24
246,20.28
247,17.04
248,15.61
249,17.14
250,18.39
251,17.65
252,17.44
253,16.14
254,14.19
255,14.89
256,13
257,12.04
258,12.2
259,14.1
260,12.74
261,13.68
262,13.98
263,15.18
264,15.19
265,17.7
266,16.25
267,14.32
268,15.04
269,13.33
270,10.2
271,12.48
272,11.36
273,10.08
274,9.33
275,8.94
276,9.56
277,10.76
278,9.9
279,9.93
280,11.74
281,14.58
282,13.5
283,15.52
284,15.34
285,15.48
286,12.64
287,9.61
288,9.69
289,9.57
290,8.75
291,10.06
292,11.54
293,8.8
294,8.46
295,6.67
296,6.74
297,8.01
298,10.83
299,10.09
300,10.82
301,11.34
302,12.84
303,12.77
304,13.53
305,14.97
306,13.33
307,10.79
308,11.01
309,10.41
310,12.69
311,11.99
312,12.38
313,10.53
314,11.7
315,12.92
316,12.98
317,12.06
318,10.9
319,12.19
320,9.98
321,9.86
322,8.77
323,8.86
324,8.33
325,9.35
326,10.43
327,12.05
328,10.58
329,9.36
330,7.92
331,8.48
332,7.59
333,6.96
334,5.25
335,6.54
336,8.1
337,8.58
338,8.26
339,8.97
340,8.95
341,7.09
342,6.7
343,7.3
344,6.12
345,5.77
346,4.21
347,3.78
348,4.42
349,4.89
350,5.47
351,4.68
352,4.77
353,4.51
354,5.52
355,6.35
356,7.75
357,8.56
358,7.96
359,7.37
360,6.71
361,7.66
362,7.4
363,6.22
364,6.17
365,6.08
366,7.12
367,8.08
368,7.57
369,8.38
370,9.83
371,10.6
372,11.59
373,10.98
374,9.73
375,8.51
376,8.35
377,8.26
378,7.57
379,9.08
380,9.01
381,7.96
382,7.61
383,4.83
384,4.62
385,5.47
386,7.57
387,8.56
388,7.19
389,6.98
390,6
391,7.54
392,7.72
393,7.06
394,8.5
395,9.33
396,11.99
397,12.73
398,14.16
399,15.09
400,15.96
401,17.03
402,16.58
403,15.5
404,16.44
405,18.64
406,19.27
407,19.05
408,18.32
409,18.36
410,17.31
411,14.37
412,14.81
413,14.32
414,15.04
415,12.73
416,12.9
417,12.98
418,11.84
419,14.22
420,13.37
421,14.32
422,16.44
423,15.46
424,15.98
425,15.79
426,15.88
427,14.69
428,15.6
429,13.45
430,13.31
431,13.72
432,13.72
433,14.13
434,15.65
435,15.39
436,15.78
437,14.46
438,14.55
439,13.88
440,14.7
441,13.42
442,13.87
443,14.03
444,16.65
445,15.25
446,15.94
447,14.92
448,14.59
449,14.43
450,16.83
451,16.2
452,17.86
453,20.33
454,19.09
455,21.04
456,19.84
457,20.4
458,21.27
459,19.82
460,20.52
461,19.79
462,16.78
463,16.26
464,14.05
465,14.46
466,14.45
467,14.28
468,13.35
469,14.77
470,15.67
471,18.08
472,16.86
473,14.89
474,16.57
475,15.29
476,12.63
477,11.76
478,11.39
479,9.85
480,9.26
481,10.29
482,11.55
483,12.6
484,10.16
485,10.06
486,11.45
487,11.44
488,9.91
489,12.04
490,9.98
491,10.23
492,10.65
493,10.07
494,11.98
495,10.55
496,12.29
497,11.01
498,11.13
499,12.84
500,11.16
501,10.79
502,11.87
503,11.47
504,12.28
505,10.31
506,10.72
507,10.08
508,8.87
509,8.62
510,8.78
511,8.51
512,5.27
513,5.36
514,5.19
515,4.52
516,6.27
517,8.32
518,8.97
519,8.74
520,8.89
521,7.79
522,7.67
523,7.01
524,6.33
525,8.1
526,5.86
527,6.42
528,6.63
529,5.74
530,5.78
531,5.08
532,4.02
533,3.69
534,3.86
535,3.34
536,4.79
537,4.33
538,3.95
539,4.04
540,3.28
541,2.02
542,2.14
543,2.22
544,3.13
545,2.51
546,2.67
547,3.25
548,3.48
549,2.84
550,3.04
551,4.17
552,4.44
553,3.59
554,3.47
555,2.52
556,1.95
557,2.13
558,2.3
559,3
560,3.18
561,4.9
562,7.97
563,9.5
564,10.55
565,11.04
566,9.93
567,10.59
568,9.03
569,8.23
570,7.96
571,5.82
572,7.83
573,8.48
574,9.25
575,10.08
576,10.87
577,12.14
578,9.79
579,8.86
580,7.78
581,8.61
582,8.7
583,9.7
584,9.29
585,11.84
586,11.38
587,9.65
588,9.12
589,8.93
590,10.56
591,11.37
592,10.09
593,9.42
594,10.06
595,10.61
596,9.67
597,9.47
598,10.2
599,11.49
600,10.67
601,11.45
602,11
603,10.74
604,11.04
605,12.02
606,12.18
607,12.55
608,12.6
609,13.11
610,11.51
611,11.11
612,10.22
613,12.41
614,14.9
615,11.99
616,11.31
617,9.41
618,11.27
619,12.49
620,11.7
621,11.05
622,10.12
623,9.35
624,10.08
625,12.4
626,11.59
627,12.46
628,13.21
629,13.55
630,11.84
631,14.45
632,14.05
633,13.45
634,16.1
635,13.94
636,15.4
637,16.47
638,18.19
639,17.57
640,15.66
641,15.82
642,17.06
643,14.98
644,14.61
645,14.74
646,13.57
647,13.04
648,11.69
649,12.56
650,10.79
651,9.78
652,11.37
653,9.92
654,10.49
655,10.61
656,11.25
657,9.61
658,10.97
659,9.47
660,9.26
661,10.7
662,11.07
663,9.63
664,9.27
665,9.44
666,12.25
667,13.66
668,13.25
669,9.94
670,9.73
671,9.94
672,10.72
673,10.8
674,9.21
675,6.78
676,7
677,7.78
678,8.5
679,9.58
680,11.03
681,11.71
682,13.81
683,13.23
684,13.82
685,13.73
686,13.2
687,13.5
688,14.93
689,15.32
690,18.08
691,16.56
692,13.85
693,16.28
694,13.59
695,13.22
696,12.51
697,12.79
698,12.95
699,12.95
700,10.57
701,11.04
702,11.64
703,11.84
704,12.71
705,13.13
706,13.2
707,13.9
708,12.71
709,16.12
710,17.66
711,21.09
712,18.65
713,17.04
714,14.7
715,15.13
716,17.5
717,15.41
718,13.15
719,14.06
720,15.25
721,16.04
722,14.3
723,14.08
724,12.58
725,12.84
726,13.3
727,11.62
728,11.88
729,10.8
730,11.13
731,10.45
732,12.82
733,13.64
734,16.63
735,17.24
736,17.46
737,16.44
738,17.05
739,17.3
740,18.55
741,20.5
742,18.78
743,24.73
744,21.32
745,22.86
746,20.51
747,18.56
748,20.95
749,20.34
750,19.61
751,16.86
752,20.37
753,21.57
754,19.54
755,19.01
756,18.3
757,17.26
758,17.67
759,13.33
760,13.22
761,12.63
762,11.75
763,14
764,16.59
765,14.26
766,14.53
767,12.57
768,13.47
769,13.14
770,12.25
771,10.74
772,11.25
773,10.55
774,8.67
775,8.05
776,7.83
777,9.04
778,8.75
779,8.55
780,7.98
781,9.47
782,8.27
783,8.91
784,9.37
785,7.8
786,7.73
787,6.59
788,6.87
789,5.99
790,6.73
791,5.76
792,5.07
793,5.3
794,7.06
795,6.6
796,6.14
797,7.73
798,6.41
799,4.96
800,5.13
801,5.19
802,6.19
803,6.24
804,6.5
805,7.69
806,8.04
807,6.76
808,6.39
809,7.07
810,7.7
811,7.58
812,8.86
813,11.83
814,12.34
815,12.46
816,13.41
817,15.65
818,13.26
819,14.94
820,16.11
821,13.85
822,13.17
823,11.9
824,9.53
825,6.87
826,5.22
827,5.25
828,6.14
829,8.81
830,9.94
831,8.89
832,9.66
833,11.25
834,10.47
835,9.81
836,7.56
837,5.39
838,8.78
839,9.86
840,10.79
841,10.24
842,10.14
843,9.47
844,8.97
845,8.67
846,10.29
847,8.52
848,7.7
849,7.87
850,8.33
851,9.7
852,11.01
853,11.05
854,9.57
855,10.07
856,9.61
857,9.87
858,11.34
859,10.29
860,11.44
861,12.47
862,10.61
863,12.39
864,13.68
865,13.21
866,14.15
867,11.91
868,8.93
869,9.14
870,9.73
871,8.28
872,10.1
873,8.26
874,8.99
875,8.67
876,6.09
877,6.85
878,6.43
879,7.12
880,5.98
881,4.63
882,5.53
883,7.97
884,8.12
885,7.51
886,7.77
887,5.98
888,4.99
889,5.73
890,5.81
891,6.57
892,6.62
893,6.46
894,4.63
895,3.8
896,4.37
897,3.89
898,3.6
899,4.02
900,3.49
901,3.49
902,2.82
903,3
904,3.63
905,3.24
906,3.2
907,2.62
908,1.87
909,2.04
910,2.22
911,2.41
912,2.53
913,2.64
914,1.81
915,2.27
916,3.16
917,3.43
918,3.82
919,3.8
920,4.47
921,5.2
922,6.58
923,6.25
924,7.34
925,5.55
926,7.41
927,7.17
928,6.65
929,7.03
930,6.02
931,5.75
932,5.07
933,5.54
934,4.45
935,5.59
936,6.43
937,5.87
938,6.74
939,8.61
940,10.14
941,10.08
942,8.87
943,10.18
944,10.27
945,11.2
946,13.07
947,13.85
948,13.87
949,15.88
950,14.24
951,14.99
952,15.69
953,13.63
954,13.06
955,12.21
956,11.25
957,10.92
958,11.85
959,11.81
960,10.85
961,10.79
962,12.23
963,12.33
964,11.06
965,12.46
966,14.79
967,13.59
968,12.88
969,16.9
970,16.96
971,17.9
972,14.37
973,14.11
974,16.08
975,15.63
976,14.41
977,14.9
978,15.8
979,13.36
980,12.81
981,10.93
982,12.39
983,11.16
984,10.47
985,11.48
986,10.77
987,8.69
988,7.31
989,7.42
990,7.57
991,7.24
992,9.13
993,8.76
994,8.34
995,10.78
996,10.47
997,10.6
998,8.05
999,7.58
1000,7.88
1001,10.93
1002,11.69
1003,11.86
1004,13.13
1005,12.25
1006,11.32
1007,12.83
1008,12.06
1009,12.01
1010,11.73
1011,11.3
1012,11.2
1013,9.23
1014,9.58
1015,8.69
1016,7.09
1017,8.54
1018,8.35
1019,8.43
1020,8.01
1021,9.16
1022,10.87
1023,12.1
1024,13.36
1025,15.46
1026,13.72
1027,11.66
1028,12.34
1029,13.42
1030,11.67
1031,12.15
1032,11.54
1033,9.2
1034,9.48
1035,9.64
1036,8.54
1037,7.55
1038,6.99
1039,7.29
1040,5.75
1041,6.09
1042,5.74
1043,6.21
1044,8.06
1045,7.47
1046,7.11
1047,8.33
1048,8.14
1049,7.67
1050,7.25
1051,6.22
1052,4.9
1053,4.47
1054,3.5
1055,2.75
1056,2.03
1057,3.24
1058,4.15
1059,4.48
1060,4.23
1061,3.09
1062,4.09
1063,4.04
1064,4.92
1065,3.83
1066,4.73
1067,5.42
1068,7.9
1069,8.37
1070,7.64
1071,8.66
1072,7.28
1073,9.66
1074,10.65
1075,12.14
1076,11.93
1077,10.34
1078,11.43
1079,11.02
1080,11.27
1081,11.65
1082,9.79
1083,8.3
1084,6.85
1085,7.11
1086,5.98
1087,7.25
1088,9.88
1089,9.84
1090,9.16
1091,8.92
1092,9.69
1093,9.85
1094,9.85
1095,8.89
1096,9.79
1097,11.05
1098,10.57
1099,10.13
1100,8.97
1101,9.53
1102,10.07
1103,6.41
1104,5.64
1105,5.36
1106,4.66
1107,4.27
1108,3.63
1109,2.87
1110,2.73
1111,3.34
1112,4.27
1113,4.5
1114,4.66
1115,3.16
1116,2.01
1117,1.81
1118,2.3
1119,2.73
1120,2.65
1121,2.57
1122,2.96
1123,3.7
1124,3.93
1125,4.4
1126,4.52
1127,4.31
1128,5.56
1129,6.27
1130,5.52
1131,6.81
1132,8.96
1133,8.05
1134,5.9
1135,5.7
1136,5.2
1137,4.34
1138,5.4
1139,4.04
1140,4.76
1141,4.77
1142,6.36
1143,5.92
1144,4.94
1145,5.41
1146,6.46
1147,6.54
1148,6.51
1149,6
1150,10.09
1151,7.91
1152,8.52
1153,9.45
1154,6.78
1155,6.05
1156,5.69
1157,5.37
1158,6.88
1159,8.47
1160,8.48
1161,7.08
1162,6.8
1163,7.41
1164,7.63
1165,7.25
1166,6.45
1167,5.71
1168,6.57
1169,8.14
1170,7.94
1171,8.41
1172,8.87
1173,10.56
1174,9.6
1175,8.35
1176,7.98
1177,8.14
1178,6.87
1179,5.28
1180,4.82
1181,4.14
1182,3.76
1183,5.21
1184,4.95
1185,6.07
1186,8.23
1187,10.02
1188,10.51
1189,8.87
1190,9.55
1191,9.12
1192,9.3
1193,9.4
1194,11.01
1195,12.81
1196,12.61
1197,13.09
1198,11.4
1199,13.4
1200,12.12
1201,11.77
1202,12.04
1203,11.65
1204,9.63
1205,11.75
1206,12.05
1207,11.63
1208,12.06
1209,12.84
1210,14.15
1211,16.5
1212,16.13
1213,18.9
1214,18.4
1215,17.33
1216,17.05
1217,18
1218,17.17
1219,15.12
1220,13.31
1221,12.62
1222,12.65
1223,14.45
1224,16.14
1225,15.8
1226,16.79
1227,14.92
1228,14.54
1229,13.72
1230,14.99
1231,16.43
1232,13.89
1233,11.36
1234,12.81
1235,12.8
1236,13.36
1237,14.25
1238,14.84
1239,12.94
1240,11.55
1241,11.3
1242,10.76
1243,9.78
1244,9.01
1245,9.64
1246,7.46
1247,9.2
1248,7.88
1249,9.36
1250,6.53
1251,4.85
1252,4.31
1253,5.53
1254,6.88
1255,8.16
1256,8.41
1257,6.89
1258,6.32
1259,7.45
1260,6.39
1261,6.86
1262,5.2
1263,4.8
1264,5.97
1265,6.81
1266,7.77
1267,7.78
1268,8.25
1269,7.95
1270,8.77
1271,7.54
1272,7.36
1273,6.64
1274,7.22
1275,7.15
1276,8.05
1277,8.84
1278,9.19
1279,7.76
1280,9.28
1281,10.09
1282,11.63
1283,10.78
1284,9.95
1285,10.3
1286,10.96
1287,12.25
1288,10.24
1289,13.23
1290,13.83
1291,16.1
1292,14.29
1293,13.72
1294,13.62
1295,14.35
1296,12.99
1297,13.91
1298,14.54
1299,15.13
1300,16.18
1301,15.7
1302,14.09
1303,12.63
1304,12.67
1305,12.67
1306,10.92
1307,10.64
1308,9.52
1309,10.58
1310,11.66
1311,12.48
1312,12.22
1313,11.35
1314,9.8
1315,10.19
1316,9.15
1317,9.78
1318,10.47
1319,12.53
1320,12.46
1321,14.82
1322,14.97
1323,15.04
1324,15.1
1325,12.54
1326,11.95
1327,10.47
1328,8.54
1329,9.7
1330,9.21
1331,7.99
1332,9.77
1333,10.41
1334,10.16
1335,9.94
1336,10.19
1337,11.24
1338,12.56
1339,13.95
1340,13.9
1341,18.06
1342,19.22
1343,17.4
1344,15.65
1345,17.95
1346,17.9
1347,18.26
1348,16.71
1349,17.12
1350,15.05
1351,15.25
1352,15.7
1353,14.4
1354,12.83
1355,12.1
1356,14.26
1357,14.94
1358,16.34
1359,14.49
1360,12.91
1361,12.96
1362,12.43
1363,11.69
1364,10.45
1365,11.39
1366,10.33
1367,10.12
1368,9.67
1369,10.63
1370,11.55
1371,11.23
1372,12.99
1373,13.43
1374,15.62
1375,18.54
1376,15.69
1377,16.22
1378,15.43
1379,16.19
1380,15.2
1381,11.41
1382,11
1383,12.08
1384,13.37
1385,14.67
1386,16.52
1387,14
1388,14.87
1389,14.08
1390,17.45
1391,16.37
1392,12.88
1393,13.78
1394,13.87
1395,14.43
1396,12.68
1397,11.48
1398,11.05
1399,10.54
1400,10.05
1401,10.4
1402,10.61
1403,8.51
1404,9.55
1405,10.85
1406,10.67
1407,9.19
1408,9.02
1409,9.36
1410,9.13
1411,8.8
1412,7.22
1413,8.48
1414,9.24
1415,10.78
1416,10.59
1417,10.8
1418,10.1
1419,10.53
1420,9.98
1421,9.99
1422,10.96
1423,11.2
1424,10.58
1425,9.2
1426,9.34
1427,9.05
1428,11.14
1429,12.17
1430,12.19
1431,12.32
1432,12.43
1433,11.78
1434,10.52
1435,10.6
1436,11.22
1437,11.33
1438,12.14
1439,11.24
1440,12.43
1441,13.5
1442,13.47
1443,15.03
1444,14.46
1445,14.35
1446,13.82
1447,13.68
1448,12.15
1449,11.62
1450,12.57
1451,12.46
1452,13.72
1453,12.18
1454,13.28
1455,13.88
1456,15.41
1457,14.51
1458,14.88
1459,14.74
1460,13.19
1461,11.95
1462,12.08
1463,11.92
1464,11.7
1465,11.35
1466,11.58
1467,10.98
1468,10.68
1469,9.73
1470,9.93
1471,10.83
1472,11.72
1473,11.87
1474,10.8
1475,10.57
1476,11.06
1477,10.51
1478,11.5
1479,10.82
1480,11.61
1481,12.86
1482,11.49
1483,11.2
1484,11
1485,11.4
1486,10.1
1487,10.43
1488,10.6
1489,9.34
1490,8.88
1491,8.39
1492,10.31
1493,9.82
1494,9.24
1495,9.94
1496,9.66
1497,9.18
1498,10.3
1499,9.99
1500,9.08
1501,10.1
1502,9.32
1503,9.85
1504,9.49
1505,8.22
1506,4.99
1507,6.18
1508,7.54
1509,7.7
1510,8.38
1511,8.71
1512,8.28
1513,7.81
1514,8.57
1515,7.24
1516,5.66
1517,5.51
1518,5.94
1519,6.88
1520,6.38
1521,4.7
1522,4.35
1523,5.87
1524,6.08
1525,6.46
1526,7.54
1527,10.01
1528,10.38
1529,9.3
1530,9
1531,10.02
1532,8.59
1533,8.56
1534,9.74
1535,11.08
1536,10.02
1537,9.68
1538,10.16
1539,10.05
1540,9.61
1541,9.39
1542,8.38
1543,9.33
1544,11.2
1545,11.75
1546,12.49
1547,12.91
1548,12.79
1549,11.3
1550,10.36
1551,10.29
1552,9.5
1553,8.88
1554,9.25
1555,9.61
1556,9.84
1557,9.23
1558,8.17
1559,8.85
1560,9.44
1561,6.67
1562,5.59
1563,5.92
1564,7.35
1565,6.64
1566,7.72
1567,7.54
1568,7.07
1569,7.76
1570,7.35
1571,7.46
1572,7.17
1573,8.28
1574,8.24
1575,8.88
1576,8.44
1577,5.99
1578,7.16
1579,5.82
1580,7.58
1581,5.62
1582,5.57
1583,5.65
1584,7.45
1585,6.18
1586,7.38
1587,6.02
1588,5.21
1589,4.9
1590,3.96
1591,4.14
1592,4.59
1593,4.23
1594,5.23
1595,4.73
1596,5.01
1597,4.42
1598,4.65
1599,4.29
1600,5.13
1601,5.21
1602,5.81
1603,5.17
1604,5.25
1605,6.33
1606,5.81
1607,4.87
1608,4.93
1609,6.72
1610,6.42
1611,6.43
1612,6.16
1613,5.13
1614,4.96
1615,5.87
1616,5.95
1617,5.14
1618,5.6
1619,5.67
1620,5.43
1621,5.46
1622,4.6
1623,6.94
1624,7.54
1625,9.69
1626,9.43
1627,8.5
1628,8.32
1629,8.15
1630,7.74
1631,7.62
1632,7.06
1633,7.28
1634,8.62
1635,10.24
1636,9.37
1637,9.66
1638,7.99
1639,8.16
1640,7.97
1641,7.04
1642,7.6
1643,7.42
1644,7.89
1645,7.56
1646,8.58
1647,8.2
1648,8.74
1649,7.08
1650,5.92
1651,6.35
1652,6.05
1653,7.25
1654,5.67
1655,6.49
1656,5.76
1657,7.61
1658,7.09
1659,9.6
1660,9.19
1661,8.76
1662,8.09
1663,9.28
1664,7.14
1665,7.9
1666,6.23
1667,6.95
1668,7.38
1669,6.49
1670,6.26
1671,5.33
1672,4.5
1673,4.81
1674,5.33
1675,5.43
1676,6.26
1677,8.81
1678,9.28
1679,9.84
1680,10.8
1681,9.29
1682,9.14
1683,8.12
1684,8.39
1685,8.04
1686,9.59
1687,10.47
1688,8.92
1689,8.93
1690,10.17
1691,9.67
1692,8.98
1693,8.13
1694,7.98
1695,8.99
1696,8.22
1697,8.09
1698,9.76
1699,9.42
1700,7.97
1701,7.83
1702,7.96
1703,8.23
1704,6.25
1705,6.53
1706,6.68
1707,6.67
1708,7.41
1709,8.54
1710,8.35
1711,7.9
1712,8.51
1713,9.84
1714,10.95
1715,10.29
1716,10.99
1717,10.51
1718,9.13
1719,9.05
1720,10.08
1721,11.06
1722,10.3
1723,10.96
1724,12.42
1725,13.76
1726,11.52
1727,12.46
1728,12.13
1729,12.39
1730,14.88
1731,15.66
1732,13.64
1733,13.07
1734,12.06
1735,10.7
1736,11.41
1737,11.23
1738,11.63
1739,10.28
1740,11
1741,10.94
1742,10.49
1743,9.54
1744,8.12
1745,6.28
1746,7.3
1747,7.6
1748,6.73
1749,7.86
1750,8.34
1751,10.42
1752,10.48
1753,10.21
1754,9.27
1755,10.8
1756,10.14
1757,8.48
1758,8.91
1759,10.1
1760,8.79
1761,8.61
1762,8.79
1763,9.54
1764,9.17
1765,10.15
1766,9.08
1767,8.53
1768,7.13
1769,9
1770,9.7
1771,10.85
1772,11.84
1773,12.31
1774,11.2
1775,9.99
1776,10.84
1777,10.02
1778,7.61
1779,6.84
1780,7.68
1781,7.3
1782,7.91
1783,7.61
1784,8.15
1785,8.16
1786,8.23
1787,8.55
1788,9.26
1789,9.28
1790,8.61
1791,8.55
1792,7.45
1793,8.26
1794,8.02
1795,9.62
1796,9.33
1797,9.91
1798,9.68
1799,11.68
1800,12.75
1801,11.97
1802,12
1803,11.42
1804,13.23
1805,11.88
1806,11.81
1807,14.49
1808,14.3
1809,15.15
1810,15.24
1811,15.72
1812,16.28
1813,17.88
1814,17.06
1815,18.67
1816,18.57
1817,18.82
1818,20.21
1819,20.66
1820,21.95
1821,24.98
1822,20.98
1823,19.63
1824,19.93
1825,18.96
1826,18.83
1827,16.82
1828,16.99
1829,18.29
1830,18.86
1831,19.35
1832,17.31
1833,17.11
1834,16.17
1835,15.78
1836,15.5
1837,13.24
1838,12.78
1839,13.29
1840,13.41
1841,13.72
1842,17.01
1843,16.75
1844,15.23
1845,15.69
1846,16.59
1847,17.63
1848,17.99
1849,16.51
1850,17.81
1851,17.45
1852,17.62
1853,15.66
1854,13.91
1855,13.73
1856,13.03
1857,12.29
1858,11.73
1859,11.87
1860,11.13
1861,12.56
1862,12.39
1863,13.01
1864,13.71
1865,15.15
1866,14.53
1867,17.29
1868,17.12
1869,15.89
1870,14.02
1871,15
1872,14.72
1873,13.87
1874,12.04
1875,11.52
1876,9.8
1877,10.26
1878,8.67
1879,8.94
1880,7.04
1881,7.64
1882,10.05
1883,11.53
1884,11.4
1885,12.46
1886,13.66
1887,12.44
1888,12.82
1889,13.9
1890,13.89
1891,12.7
1892,14.7
1893,14.33
1894,14.82
1895,13.79
1896,14.44
1897,14.94
1898,16.38
1899,15.57
1900,15.3
1901,16.74
1902,17.55
1903,16.55
1904,15.09
1905,15.43
1906,14.29
1907,11.86
1908,12.22
1909,12.69
1910,13.15
1911,13.4
1912,12.68
1913,15.19
1914,14.5
1915,14.13
1916,13.02
1917,14.16
1918,14.56
1919,13.92
1920,14.61
1921,12.85
1922,12.31
1923,12.43
1924,10.81
1925,11.13
1926,10.53
1927,11.57
1928,11.24
1929,11.71
1930,12.23
1931,12.05
1932,12.95
1933,12.87
1934,13.06
1935,12.7
1936,13.21
1937,12.78
1938,12.14
1939,10.88
1940,11.86
1941,14.87
1942,13.46
1943,13.5
1944,13.31
1945,13.85
1946,12.25
1947,12.44
1948,13.12
1949,13.21
1950,14
1951,13.2
1952,12.27
1953,11.96
1954,12.56
1955,12.71
1956,12.69
1957,12.36
1958,12.91
1959,13.48
1960,13.62
1961,13.68
1962,14.23
1963,13.55
1964,14.78
1965,16.18
1966,15.21
1967,15.74
1968,14.44
1969,14.92
1970,13.66
1971,16.08
1972,16.12
1973,14.73
1974,14.85
1975,14.41
1976,13.16
1977,13.72
1978,15.06
1979,16.34
1980,16.05
1981,16.8
1982,16.63
1983,17.98
1984,16.08
1985,18.19
1986,15.97
1987,16.27
1988,15.43
1989,14.95
1990,13.66
1991,11.98
1992,11.74
1993,9.61
1994,9.72
1995,9.13
1996,8.84
1997,9.54
1998,7.79
1999,6.18
2000,6.36
2001,4.99
2002,6.27
2003,7.58
2004,6.36
2005,6.48
2006,7.08
2007,4.9
2008,4.69
2009,5.13
2010,4.69
2011,4.23
2012,4.46
2013,4.74
2014,4.76
2015,4.6
2016,4.36
2017,3.73
2018,3.14
2019,2.63
2020,2.32
2021,2.16
2022,3.21
2023,2.35
2024,2.19
2025,1.91
2026,2.16
2027,2.69
2028,2.87
2029,3.04
2030,1.88
2031,2.06
2032,2.93
2033,2.72
2034,2.4
2035,2.1
2036,2.21
2037,2.55
2038,2.9
2039,3.6
2040,3.63
2041,3.68
2042,3.4
2043,3.42
2044,3.74
2045,3.63
2046,3.59
2047,3.85
2048,4.16
2049,3.99
2050,4.31
2051,3.89
2052,3.97
2053,3.72
2054,4.09
2055,4.5
2056,6.85
2057,5.69
2058,5.49
2059,5.32
2060,5.36
2061,5.42
2062,5.01
2063,6.05
2064,6.69
2065,7.37
2066,9.9
2067,10.58
2068,11.65
2069,11.07
2070,11.24
2071,11.48
2072,11.37
2073,11
2074,11.28
2075,11.77
2076,11.34
2077,11.21
2078,10.6
2079,10.92
2080,10.67
2081,10.59
2082,10.54
2083,9.98
2084,10.63
2085,10.45
2086,9.73
2087,8.47
2088,8.04
2089,6.93
2090,6.63
2091,7.85
2092,7.14
2093,6.4
2094,7.05
2095,6.4
2096,5.75
2097,5.52
2098,5.33
2099,4.73
2100,6.42
2101,6.1
2102,5.84
2103,6.83
2104,6.98
2105,8.39
2106,8.85
2107,7.21
2108,6.76
2109,6.82
2110,7.17
2111,6.01
2112,7.66
2113,7.74
2114,6.91
2115,7.88
2116,7.4
2117,7.11
2118,6.62
2119,6.48
2120,6.91
2121,7.38
2122,6.04
2123,6.21
2124,6.08
2125,5.29
2126,5.4
2127,5.33
2128,5.97
2129,6.74
2130,8.77
2131,8.53
2132,8.95
2133,8.97
2134,9.3
2135,8.58
2136,9.34
2137,9.37
2138,6.81
2139,5.55
2140,4.29
2141,4.23
2142,3.9
2143,4.09
2144,4.43
2145,4.08
2146,3.82
2147,3.52
2148,3.42
2149,3.06
2150,3.26
2151,3.47
2152,3.17
2153,1.79
2154,2.94
2155,3.12
2156,2.62
2157,2.83
2158,2.98
2159,2.69
2160,3.31
2161,3.48
2162,3.83
2163,4
2164,4.26
2165,2.13
2166,1.77
2167,3
2168,2.97
2169,3.31
2170,4.69
2171,6.4
2172,9.17
2173,11.65
2174,11.33
2175,13.11
2176,11.57
2177,11.11
2178,10
2179,9.15
2180,8.09
2181,7.43
2182,8.37
2183,6.81
2184,5.29
2185,5.52
2186,3.5
2187,4.25
2188,3.66
2189,3.15
2190,5.37
2191,3.97
2192,4.68
2193,3.83
2194,4.69
2195,4.15
2196,3.81
2197,4.28
2198,3.7
2199,4
2200,6.7
2201,5.98
2202,9.21
2203,8.42
2204,10
2205,12.13
2206,9.9
2207,11.29
2208,11.85
2209,11.09
2210,9.56
2211,9.9
2212,7.75
2213,8.72
2214,8.08
2215,7.67
2216,6.67
2217,6.15
2218,4.92
2219,5.12
2220,4.79
2221,5.7
2222,6.56
2223,5.88
2224,7.94
2225,7.41
2226,7.37
2227,7.58
2228,9.13
2229,9.87
2230,9.71
2231,8.8
2232,8.62
2233,8.87
2234,7.48
2235,5.72
2236,6.58
2237,7.19
2238,7.66
2239,7.4
2240,5.98
2241,8.03
2242,7.13
2243,6.68
2244,4.1
2245,2.55
2246,3.37
2247,3.17
2248,2.13
2249,3.58
2250,4.09
2251,5.45
2252,5.97
2253,9.17
2254,9.7
2255,10.72
2256,9.32
2257,9.45
2258,7.9
2259,8.32
2260,8.61
2261,8.6
2262,9.27
2263,7.12
2264,7.95
2265,9.98
2266,10.74
2267,10.19
2268,10.41
2269,12.21
2270,12.19
2271,11.46
2272,12.82
2273,11.99
2274,11.52
2275,13.25
2276,13.39
2277,13.28
2278,15.45
2279,16.58
2280,16.91
2281,16.39
2282,14.59
2283,16.21
2284,14.86
2285,15.45
2286,14.28
2287,12.8
2288,12.22
2289,11.4
2290,15.63
2291,16.26
2292,18.05
2293,18.29
2294,18.24
2295,17.57
2296,17.6
2297,16.12
2298,16.42
2299,17.68
2300,18.39
2301,17.38
2302,14.13
2303,13.11
2304,13.12
2305,12.39
2306,12.95
2307,14.48
2308,14.02
2309,15.11
2310,15.33
2311,15.51
2312,13.36
2313,12.96
2314,12.66
2315,11.48
2316,10.85
2317,11.87
2318,12.12
2319,13.32
2320,11.86
2321,8.69
2322,8.82
2323,8.73
2324,8.43
2325,8.31
2326,8.85
2327,9
2328,9.64
2329,9.58
2330,6.55
2331,6.37
2332,9.11
2333,11.31
2334,9.83
2335,9.74
2336,8.66
2337,6.2
2338,6.34
2339,8.24
2340,8.52
2341,9.28
2342,10.59
2343,9.93
2344,11.65
2345,10.84
2346,6.31
2347,7.5
2348,8.3
2349,8.62
2350,10.03
2351,9.34
2352,7.21
2353,7.89
2354,7.05
2355,5.59
2356,5.04
2357,5.24
2358,5.27
2359,4.83
2360,4.1
2361,3.46
2362,3.17
2363,2.31
2364,4.16
2365,4.26
2366,6.21
2367,7.91
2368,9.35
2369,8.69
2370,8.91
2371,10.58
2372,9.87
2373,10.67
2374,8.28
2375,7.8
2376,7.2
2377,7.52
2378,8.92
2379,8.37
2380,9.03
2381,9.37
2382,9.64
2383,8.65
2384,11.27
2385,12.88
2386,12.66
2387,12.66
2388,14.24
2389,12.65
2390,12.45
2391,13.03
2392,12.87
2393,15.04
2394,16.8
2395,13.88
2396,12.54
2397,14.88
2398,16.97
2399,15.97
2400,16.37
2401,16.47
2402,15.61
2403,12.94
2404,12.89
2405,13.07
2406,14.06
2407,13.78
2408,14.89
2409,14.39
2410,14.91
2411,14.69
2412,15.06
2413,14.84
2414,15.61
2415,15.91
2416,12.85
2417,12.05
2418,11.16
2419,10.51
2420,11.8
2421,11.1
2422,11.92
2423,10.23
2424,10.6
2425,11.68
2426,13.09
2427,12.28
2428,13.42
2429,15.91
2430,15.97
2431,13.24
2432,11.94
2433,9.78
2434,11.67
2435,9.37
2436,7.81
2437,6.98
2438,9.09
2439,10.72
2440,9.59
2441,8.05
2442,8.92
2443,8.66
2444,8.31
2445,7.76
2446,9.53
2447,10.18
2448,10.91
2449,10.51
2450,11.92
2451,11
2452,10.91
2453,10.04
2454,9.18
2455,9.63
2456,10.12
2457,10.43
2458,10.96
2459,10.5
2460,9.67
2461,8.88
2462,9.46
2463,9.18
2464,11.28
2465,10.26
2466,10.54
2467,11.7
2468,12.26
2469,14.35
2470,15.49
2471,15.96
2472,17.23
2473,17.79
2474,15.4
2475,15.1
2476,14.69
2477,16.65
2478,17.25
2479,18.12
2480,17.95
2481,15.62
2482,17.26
2483,17.64
2484,17.32
2485,17.44
2486,14.73
2487,15.54
2488,17.62
2489,16.8
2490,16.6
2491,16.38
2492,15.58
2493,13.7
2494,12.5
2495,10.4
2496,10.62
2497,10.83
2498,11.2
2499,11.47
2500,11.35
2501,11.25
2502,12.47
2503,14.1
2504,13.76
2505,12.55
2506,12.45
2507,10.78
2508,9.55
2509,10.58
2510,10.19
2511,10.28
2512,9.98
2513,10.15
2514,10.26
2515,9.55
2516,13.49
2517,13.62
2518,14.11
2519,14.84
2520,13.81
2521,11.65
2522,12.38
2523,13.41
2524,13.86
2525,13.89
2526,15.23
2527,15.47
2528,14.38
2529,15.12
2530,16.24
2531,15.88
2532,16.99
2533,17.77
2534,17.04
2535,17.03
2536,16.49
2537,14.73
2538,13.75
2539,12.24
2540,10.52
2541,9.31
2542,6.86
2543,7.7
2544,8.58
2545,8.25
2546,6.17
2547,6.02
2548,6.14
2549,4.99
2550,4.56
2551,2.52
2552,2.22
2553,2.39
2554,2.85
2555,3.79
2556,4.91
2557,3.56
2558,4.14
2559,5.83
2560,7.04
2561,8.23
2562,8.57
2563,8.21
2564,9.76
2565,7.29
2566,7.75
2567,7.52
2568,8.34
2569,10.13
2570,10.06
2571,10.82
2572,11.57
2573,11.42
2574,13.15
2575,12.07
2576,11.7
2577,11.66
2578,14.53
2579,13.52
2580,13.01
2581,13.62
2582,15.24
2583,14.55
2584,14.34
2585,14.21
2586,13.97
2587,15.29
2588,13.99
2589,13.63
2590,13.29
2591,13.07
2592,14.47
2593,15.03
2594,11.45
2595,8.93
2596,7.5
2597,7.82
2598,7.3
2599,8.31
2600,7.33
2601,9.61
2602,10.48
2603,9.08
2604,10.72
2605,12.1
2606,12.12
2607,11.56
2608,14.27
2609,13.66
2610,12.91
2611,13.04
2612,12.49
2613,10.88
2614,11.19
2615,8.44
2616,7.06
2617,6.83
2618,5.74
2619,6.11
2620,7.87
2621,6.89
2622,6.5
2623,5.8
2624,6.49
2625,5.87
2626,5.51
2627,4.81
2628,4.49
2629,3.44
2630,4.22
2631,4.58
2632,6.49
2633,6.14
2634,8.35
2635,8.71
2636,10.25
2637,10.96
2638,11.72
2639,10.65
2640,11.01
2641,11.17
2642,10.61
2643,11.17
2644,12.03
2645,12.44
2646,11.17
2647,12.26
2648,12.14
2649,12.83
2650,13.66
2651,15.09
2652,14.22
2653,11.61
2654,12.57
2655,10.91
2656,12.27
2657,12.95
2658,14.18
2659,15.01
2660,14.12
2661,12.78
2662,13.75
2663,13.43
2664,14.83
2665,16.06
2666,15.63
2667,17.18
2668,17.94
2669,16.54
2670,14.31
2671,15.44
2672,16.09
2673,15.04
2674,16.25
2675,15.32
2676,14.18
2677,17.87
2678,19.02
2679,18.89
2680,19.24
2681,18.72
2682,18.53
2683,18.88
2684,18.85
2685,19.18
2686,18.06
2687,18.47
2688,18.75
2689,19.66
2690,20.01
2691,20.85
2692,20.44
2693,20.56
2694,20.18
2695,20.35
2696,22.06
2697,23.69
2698,21.29
2699,22.98
2700,24.55
2701,26.51
2702,24.08
2703,22.42
2704,22.31
2705,21.63
2706,21.79
2707,21.02
2708,20.56
2709,21.25
2710,20.06
2711,19.48
2712,18.57
2713,15.56
2714,12.67
2715,13.29
2716,12.84
2717,11.56
2718,10.64
2719,10.18
2720,11.09
2721,12.29
2722,10.77
2723,10.05
2724,10.79
2725,11.11
2726,11.99
2727,11.66
2728,10.16
2729,11.88
2730,14.55
2731,16.56
2732,16.38
2733,18.05
2734,16.7
2735,16.68
2736,13.75
2737,14.17
2738,13.95
2739,12.74
2740,13.39
2741,14.47
2742,14.52
2743,13.73
2744,13.48
2745,11.06
2746,9.73
2747,7.33
2748,7.75
2749,9.96
2750,10.77
2751,9.48
2752,10.9
2753,11.08
2754,13.35
2755,14.89
2756,14.02
2757,12.46
2758,11.23
2759,10
2760,10.17
2761,11.54
2762,13.27
2763,13.23
2764,11.04
2765,9.14
2766,11.7
2767,11.65
2768,13.82
2769,14.62
2770,15.34
2771,15.85
2772,16.81
2773,15.83
2774,16.99
2775,17.37
2776,17.72
2777,19.29
2778,19.93
2779,19.76
2780,19.65
2781,19.28
2782,19.06
2783,18.81
2784,16.55
2785,15.16
2786,14.68
2787,13.35
2788,11.43
2789,12.41
2790,13.92
2791,12.19
2792,12.96
2793,12.66
2794,12.35
2795,10.34
2796,12.85
2797,12
2798,9.32
2799,9.26
2800,8.56
2801,7.16
2802,6.53
2803,6.49
2804,5.59
2805,3.32
2806,4.72
2807,4.15
2808,5.21
2809,6.71
2810,6.94
2811,7.98
2812,9.87
2813,10.49
2814,7.6
2815,7.12
2816,6.81
2817,5.67
2818,5.43
2819,5.02
2820,5.56
2821,5.78
2822,6.86
2823,5.67
2824,6.5
2825,7.08
2826,9.52
2827,8.29
2828,8.29
2829,9.1
2830,6.27
2831,7.17
2832,7.58
2833,7.52
2834,7.97
2835,9.97
2836,9.06
2837,10.52
2838,8.85
2839,6.58
2840,7.14
2841,10.44
2842,8.61
2843,7.94
2844,5.1
2845,5.26
2846,6.24
2847,6.75
2848,6.13
2849,6.93
2850,7.02
2851,8.25
2852,8.97
2853,10.31
2854,8.08
2855,8.56
2856,8.85
2857,8.53
2858,8.42
2859,7.41
2860,7.77
2861,9.24
2862,7.23
2863,5.65
2864,7.29
2865,6.62
2866,5.09
2867,3.14
2868,2.95
2869,2.8
2870,4.27
2871,5.17
2872,5.92
2873,6.68
2874,6.73
2875,5.83
2876,4.76
2877,4.96
2878,6.83
2879,5.34
2880,5.01
2881,4.27
2882,4.48
2883,5.93
2884,7.07
2885,5.47
2886,5.33
2887,4.5
2888,3.83
2889,2.89
2890,2.89
2891,2.74
2892,3.38
2893,3.7
2894,3.84
2895,3.21
2896,3.36
2897,3.28
2898,4.4
2899,5.12
2900,5
2901,5.43
2902,4.99
2903,4.78
2904,5.55
2905,5.28
2906,6.17
2907,4.97
2908,5.33
2909,6.62
2910,3.97
2911,4.82
2912,4.32
2913,4.29
2914,4.37
2915,4.05
2916,5.17
2917,5.71
2918,5.57
2919,4.78
2920,4.6
2921,4.87
2922,5.47
2923,3.95
2924,3.04
2925,3.85
2926,3.32
2927,3.34
2928,2.87
2929,4.84
2930,5.26
2931,5.08
2932,4.57
2933,3.78
2934,3.7
2935,3.19
2936,2.7
2937,2.83
2938,3.65
2939,3.47
2940,3.53
2941,3.75
2942,4.49
2943,6.93
2944,6.52
2945,5.68
2946,4.92
2947,5.9
2948,6.96
2949,6.6
2950,7.46
2951,9.38
2952,9.15
2953,7.54
2954,7.49
2955,8.44
2956,8.58
2957,8.88
2958,9.24
2959,8.87
2960,8.86
2961,9.03
2962,8.93
2963,10.03
2964,9.27
2965,9.52
2966,9.8
2967,9.23
2968,9.05
2969,7.2
2970,7.9
2971,6.76
2972,4.88
2973,5.28
2974,5.76
2975,6.29
2976,6.84
2977,7.32
2978,6.67
2979,7.65
2980,9.03
2981,9.2
2982,9.29
2983,8.53
2984,9.23
2985,10.36
2986,10.35
2987,8.69
2988,8.36
2989,7.66
2990,9.1
2991,8.54
2992,7.86
2993,5.71
2994,6.04
2995,5.38
2996,6.41
2997,5.81
2998,6.13
2999,5.23
3000,6.1
3001,6.52
3002,7.29
3003,9.91
3004,10.68
3005,11.08
3006,9.75
3007,9.64
3008,9.25
3009,10.08
3010,9.67
3011,10.72
3012,11.79
3013,13.03
3014,13.76
3015,11.68
3016,12.9
3017,12.13
3018,12.76
3019,11.81
3020,9.92
3021,10.82
3022,10.25
3023,11.12
3024,12.42
3025,10.39
3026,10.46
3027,10.39
3028,10.2
3029,9.11
3030,10.88
3031,11.2
3032,10.62
3033,9.77
3034,7.46
3035,7
3036,6.03
3037,4.95
3038,4.63
3039,6.04
3040,5.75
3041,6.2
3042,6.27
3043,6.38
3044,7.57
3045,8.59
3046,8.4
3047,7.85
3048,9.16
3049,8.34
3050,7.75
3051,6.5
3052,8.28
3053,7.99
3054,7.12
3055,8.85
3056,10.26
3057,10.69
3058,12.66
3059,11.53
3060,12.36
3061,13.07
3062,11.71
3063,12.6
3064,11.56
3065,11.05
3066,11.48
3067,11.48
3068,11.65
3069,10.86
3070,10.16
3071,9.55
3072,9.17
3073,8.24
3074,8.57
3075,9.37
3076,8.66
3077,8.11
3078,9.92
3079,10.27
3080,8.25
3081,8.71
3082,8.16
3083,9.18
3084,8.85
3085,8.94
3086,9.61
3087,9.3
3088,10.01
3089,8.97
3090,9.69
3091,9.93
3092,7.8
3093,8.95
3094,7.16
3095,6.54
3096,7.43
3097,8.47
3098,8.49
3099,7.87
3100,7.48
3101,7.3
3102,8.06
3103,6.73
3104,6.13
3105,4.61
3106,4.81
3107,5.07
3108,6.16
3109,5.2
3110,4.23
3111,4.59
3112,6.42
3113,7.04
3114,8.11
3115,6.65
3116,7.17
3117,8.89
3118,7.45
3119,7.75
3120,7.33
3121,6.97
3122,6.61
3123,4.51
3124,4.29
3125,6.39
3126,4.73
3127,5.23
3128,6.51
3129,6.8
3130,8.52
3131,6.9
3132,6.77
3133,7.72
3134,11.09
3135,12.73
3136,13.16
3137,14.07
3138,13.56
3139,14.81
3140,14.17
3141,14.97
3142,14.19
3143,14.08
3144,14.15
3145,12.14
3146,13.97
3147,12.62
3148,10.94
3149,9.87
3150,8.33
3151,8.23
3152,7.09
3153,7.92
3154,7.49
3155,4.96
3156,4.66
3157,5.02
3158,5.56
3159,5.13
3160,7.25
3161,6.14
3162,7.93
3163,7.79
3164,7.91
3165,8.56
3166,9.47
3167,10.14
3168,9.72
3169,9.54
3170,9.37
3171,9.46
3172,8.22
3173,8.68
3174,8.93
3175,9.16
3176,8.28
3177,9.01
3178,9.26
3179,9.08
3180,9.45
3181,10.17
3182,10.01
3183,9.76
3184,10.44
3185,11.18
3186,12.71
3187,13.35
3188,13.65
3189,10.97
3190,12.07
3191,13.19
3192,11.48
3193,10.85
3194,9.87
3195,9.47
3196,8.04
3197,7.9
3198,7.21
3199,6.77
3200,7.54
3201,8.95
3202,9.02
3203,10.63
3204,11.21
3205,11.12
3206,10.34
3207,11.21
3208,12.29
3209,12.19
3210,12.38
3211,11.9
3212,13.65
3213,10.6
3214,12.17
3215,12.9
3216,13.42
3217,13.34
3218,12.37
3219,10.87
3220,9.66
3221,9.88
3222,10.39
3223,12.01
3224,12.48
3225,12.4
3226,13.4
3227,13.99
3228,14.54
3229,11.11
3230,10.68
3231,11.12
3232,11.8
3233,13.03
3234,13.36
3235,13.84
3236,14.18
3237,13.2
3238,13.22
3239,12.97
3240,11.37
3241,10.22
3242,9.35
3243,6.9
3244,7.61
3245,6.72
3246,7.67
3247,8.23
3248,8.84
3249,8.48
3250,8.95
3251,9.02
3252,10.17
3253,9.62
3254,10.02
3255,10.64
3256,10.87
3257,11.79
3258,12.24
3259,12.49
3260,12.43
3261,11.18
3262,11.31
3263,10.58
3264,11.91
3265,11.11
3266,10.17
3267,9.84
3268,9.01
3269,8.16
3270,5.71
3271,5.27
3272,4.27
3273,4.45
3274,5.87
3275,5.63
3276,6.18
3277,5.34
3278,7.94
3279,6.49
3280,7.42
3281,8
3282,8.22
3283,6.79
3284,6.27
3285,6.94
3286,7.33
3287,5.71
3288,5.14
3289,4.68
3290,5.44
3291,6.27
3292,5.43
3293,5.37
3294,3.72
3295,2.43
3296,2.82
3297,3.38
3298,2.48
3299,2.19
3300,2.96
3301,3.15
3302,2.51
3303,2.43
3304,2.82
3305,1.88
3306,2.66
3307,2.24
3308,2.35
3309,1.92
3310,1.86
3311,2.24
3312,2.35
3313,1.79
3314,2.43
3315,2.82
3316,2.49
3317,2.25
3318,2.01
3319,2.51
3320,2.43
3321,2.35
3322,1.79
3323,2.57
3324,3.49
3325,4
3326,3.28
3327,3.57
3328,3.6
3329,3.87
3330,4.14
3331,3.91
3332,3.98
3333,3.2
3334,3.77
3335,3.02
3336,3.01
3337,3.57
3338,4.12
3339,4.08
3340,3.28
3341,4.09
3342,4.6
3343,6.02
3344,6.68
3345,6.24
3346,5.64
3347,6.43
3348,5.81
3349,5.8
3350,5.95
3351,5.35
3352,5.8
3353,5.37
3354,7.48
3355,6.78
3356,7.68
3357,6.95
3358,7.99
3359,6.28
3360,4.7
3361,4.08
3362,4.17
3363,4.37
3364,4.72
3365,4.1
3366,4.33
3367,5.1
3368,6.38
3369,5.62
3370,6.51
3371,6.87
3372,7
3373,6.21
3374,5.8
3375,5.53
3376,6.58
3377,8.93
3378,9.12
3379,10.43
3380,9.4
3381,8.76
3382,10.12
3383,9.57
3384,8.15
3385,5.24
3386,5.7
3387,5.63
3388,5.67
3389,6.35
3390,6.15
3391,4.41
3392,5.84
3393,7.67
3394,5.46
3395,7.06
3396,6.11
3397,4.88
3398,4.68
3399,4.66
3400,4.69
3401,5.5
3402,6.34
3403,7.19
3404,7.27
3405,6.92
3406,6.79
3407,7.61
3408,7.3
3409,7.98
3410,8.54
3411,9.61
3412,9.64
3413,8.53
3414,7.14
3415,6.37
3416,7.81
3417,7.68
3418,7.29
3419,8.43
3420,7.44
3421,7.82
3422,8.29
3423,8.3
3424,7.56
3425,8.18
3426,8.6
3427,7.55
3428,7.29
3429,8.41
3430,7.48
3431,8.54
3432,9.57
3433,10.89
3434,10.28
3435,11.31
3436,11.62
3437,11.05
3438,10.89
3439,9.88
3440,10.74
3441,11.31
3442,10.64
3443,11.7
3444,14.59
3445,14.72
3446,13.72
3447,12.24
3448,11.99
3449,10.07
3450,9.36
3451,8.44
3452,7.08
3453,8.56
3454,9.95
3455,7.9
3456,8.69
3457,8.82
3458,7.31
3459,6.69
3460,6.01
3461,7.64
3462,7.76
3463,7.36
3464,6.16
3465,8.21
3466,9.42
3467,9.57
3468,7.4
3469,7.28
3470,8.3
3471,6.4
3472,7.03
3473,5.53
3474,6.4
3475,6.99
3476,7.89
3477,6.47
3478,6.16
3479,7.67
3480,8.5
3481,8.68
3482,6.62
3483,6.71
3484,6.41
3485,7.99
3486,7.96
3487,7.97
3488,8.49
3489,7.86
3490,6.45
3491,7.99
3492,7.51
3493,7.05
3494,5.74
3495,4.91
3496,6.92
3497,6.47
3498,7.12
3499,8.76
3500,8.78
3501,8.75
3502,8.97
3503,8.15
3504,7.77
3505,10.05
3506,9.01
3507,9.68
3508,10.66
3509,10.6
3510,10.77
3511,11.08
3512,11.64
3513,13.63
3514,13.16
3515,13.05
3516,13.9
3517,12.34
3518,10.98
3519,11.91
3520,10.63
3521,11.81
3522,12.09
3523,13.41
3524,13.55
3525,12.21
3526,9.88
3527,10.56
3528,11.04
3529,12.93
3530,13.04
3531,11.8
3532,11.98
3533,10.05
3534,10.06
3535,10.06
3536,10.37
3537,9.95
3538,10.35
3539,10.68
3540,9.32
3541,9.2
3542,9.31
3543,10.51
3544,9.53
3545,9.79
3546,9.83
3547,9.81
3548,11.26
3549,10.95
3550,11.53
3551,11.15
3552,10.66
3553,11.11
3554,12.29
3555,11.11
3556,11.28
3557,13.04
3558,14.86
3559,14.63
3560,14.61
3561,15
3562,16.53
3563,16.72
3564,17.68
3565,17.73
3566,18.29
3567,17.2
3568,18.9
3569,19.23
3570,19.12
3571,17.46
3572,16.87
3573,17.25
3574,16.48
3575,15.85
3576,14.74
3577,16.08
3578,15.17
3579,14.01
3580,12.67
3581,12.88
3582,12.87
3583,12.66
3584,11.69
3585,11.93
3586,10.89
3587,12.24
3588,14.2
3589,15.1
3590,14.14
3591,15.44
3592,16.07
3593,15.29
3594,15.83
3595,15.15
3596,12.71
3597,12.77
3598,11.9
3599,11.99
3600,15.17
3601,15.89
3602,15.71
3603,16.36
3604,16.02
3605,15.47
3606,15.39
3607,13.68
3608,14.45
3609,12.67
3610,10.89
3611,13.22
3612,12.75
3613,13.38
3614,11.97
3615,10.27
3616,11.74
3617,11.43
3618,11.88
3619,13.89
3620,15.43
3621,14.34
3622,13.58
3623,12.05
3624,10.94
3625,5.81
3626,5.39
3627,4.6
3628,4.15
3629,3.55
3630,3.51
3631,3.32
3632,4.33
3633,3.7
3634,3.1
3635,3
3636,4.46
3637,4.95
3638,5.61
3639,5.26
3640,4.51
3641,4.69
3642,4.84
3643,5.03
3644,5.43
3645,5.44
3646,5.59
3647,4.63
3648,4.53
3649,4.23
3650,4.23
3651,4.98
3652,5.89
3653,6.07
3654,7.69
3655,6.93
3656,7.08
3657,8.24
3658,8.72
3659,9.15
3660,8.29
3661,6.87
3662,6.5
3663,5.52
3664,5.42
3665,5.3
3666,5.63
3667,6.16
3668,6.1
3669,7.18
3670,7.49
3671,8.8
3672,8.83
3673,8.02
3674,8.44
3675,8.32
3676,8.88
3677,9.59
3678,9.66
3679,9.38
3680,10.43
3681,9.93
3682,9.09
3683,7.72
3684,8.46
3685,9.23
3686,8.49
3687,7.58
3688,6.65
3689,7.39
3690,7.4
3691,6.46
3692,5.13
3693,5.14
3694,5.19
3695,5.46
3696,5.37
3697,4.27
3698,4.55
3699,5.22
3700,5.48
3701,5.37
3702,5.93
3703,6.26
3704,6.87
3705,6.17
3706,5.71
3707,4.93
3708,5.36
3709,4.78
3710,4.97
3711,4.65
3712,5.67
3713,5.26
3714,4.82
3715,4.54
3716,5.01
3717,6.66
3718,6.77
3719,6.17
3720,5.9
3721,6.62
3722,6.41
3723,5.82
3724,5.46
3725,5.52
3726,6.3
3727,6.25
3728,6.8
3729,6.69
3730,8.16
3731,7
3732,7.41
3733,8.01
3734,7.9
3735,8.34
3736,7.49
3737,9.46
3738,9.17
3739,9.07
3740,7.65
3741,8.75
3742,9.41
3743,9.48
3744,10.03
3745,9.47
3746,9.41
3747,9.68
3748,8.19
3749,7.9
3750,7.68
3751,7.57
3752,7.88
3753,7.56
3754,7.19
3755,6.71
3756,8.07
3757,6.62
3758,7.22
3759,6.5
3760,6.57
3761,7.09
3762,7.75
3763,6.26
3764,5.94
3765,5.98
3766,6.09
3767,6.01
3768,5.75
3769,6.15
3770,5.53
3771,5.11
3772,5.25
3773,5.37
3774,5.07
3775,5.44
3776,5.09
3777,4.26
3778,4.55
3779,4.26
3780,4.27
3781,5.35
3782,4.65
3783,4.92
3784,3.76
3785,4.2
3786,4.23
3787,3.48
3788,3.7
3789,3.09
3790,3.08
3791,3.32
3792,3.5
3793,3.15
3794,2.64
3795,2.56
3796,2.51
3797,2.53
3798,2.65
3799,2.98
3800,4.03
3801,3.81
3802,3.56
3803,3.56
3804,2.73
3805,4.01
3806,4.1
3807,3.06
3808,3.67
3809,2.87
3810,2.73
3811,3.12
3812,3.35
3813,3.71
3814,4.57
3815,4.45
3816,3.82
3817,2.6
3818,2.6
3819,3.28
3820,3.59
3821,3.85
3822,3.29
3823,3.59
3824,3.05
3825,2.82
3826,4.16
3827,3.9
3828,3.8
3829,3.53
3830,3.75
3831,3.4
3832,3.46
3833,3.87
3834,4.64
3835,6.21
3836,6.11
3837,6.25
3838,6.45
3839,5.58
3840,5.4
3841,4.44
3842,5.46
3843,5.73
3844,4.99
3845,5
3846,4.35
3847,4.98
3848,5.81
3849,5.95
3850,5.11
3851,5.67
3852,5.05
3853,4.66
3854,4.37
3855,4.09
3856,3.46
3857,3.11
3858,4.74
3859,4.91
3860,4.89
3861,4.35
3862,3.41
3863,4.21
3864,3.48
3865,3.88
3866,3.42
3867,3.82
3868,3.56
3869,2.7
3870,2.34
3871,2.08
3872,2.49
3873,2.42
3874,2.48
3875,3.05
3876,3.92
3877,5.04
3878,5.5
3879,7.06
3880,7.89
3881,7.73
3882,7.92
3883,7.58
3884,8.19
3885,9.27
3886,7.99
3887,7.79
3888,8.04
3889,7.17
3890,6.98
3891,5.66
3892,6.08
3893,6.55
3894,6.58
3895,7.55
3896,7.13
3897,6.09
3898,4.93
3899,5.79
3900,5.19
3901,5.1
3902,4.82
3903,4.31
3904,4.77
3905,4.91
3906,5.24
3907,4.79
3908,6.52
3909,6.79
3910,5.69
3911,6.2
3912,6.01
3913,5.77
3914,5.61
3915,5.88
3916,5.59
3917,5.25
3918,4.92
3919,6.2
3920,7.06
3921,7.57
3922,7.94
3923,8.82
3924,9.81
3925,9.94
3926,8.62
3927,9.48
3928,9.88
3929,10.18
3930,10.08
3931,10.8
3932,12.04
3933,11.44
3934,10.64
3935,10.86
3936,10.53
3937,8.33
3938,8.42
3939,8.9
3940,8.91
3941,8.53
3942,8.21
3943,8.37
3944,6.63
3945,6.21
3946,5.89
3947,6.22
3948,5.07
3949,4.94
3950,4.63
3951,4.48
3952,4.88
3953,5.2
3954,5.52
3955,4.97
3956,4.61
3957,4.67
3958,3.91
3959,3.66
3960,3.69
3961,3.91
3962,3.64
3963,3.15
3964,3.46
3965,2.66
3966,2.37
3967,1.75
3968,1.92
3969,1.79
3970,2.27
3971,2.24
3972,2.16
3973,2.37
3974,2.16
3975,2.67
3976,4.23
3977,5.79
3978,4.43
3979,4.27
3980,3.74
3981,3.28
3982,2.94
3983,2.9
3984,2.96
3985,2.83
3986,3.26
3987,3.72
3988,3.57
3989,3.95
3990,3.43
3991,2.87
3992,3.28
3993,3.18
3994,3.62
3995,3.57
3996,3.84
3997,2.7
3998,3.55
3999,3.24
4000,4.29
4001,3.29
4002,2.73
4003,2.86
4004,3.33
4005,3.26
4006,3.31
4007,3.34
4008,2.39
4009,2.5
4010,2.71
4011,3.04
4012,3.55
4013,4.42
4014,4.27
4015,4.77
4016,4.6
4017,4.52
4018,3.95
4019,4.57
4020,4.08
4021,3.84
4022,3.11
4023,4.24
4024,3.06
4025,2.8
4026,2.58
4027,2.97
4028,3.77
4029,3.95
4030,3.41
4031,4.11
4032,4.03
4033,6
4034,5.29
4035,5.81
4036,6.64
4037,7.25
4038,7.49
4039,7.19
4040,6.38
4041,6.18
4042,5.91
4043,7.03
4044,7.85
4045,6.39
4046,5.99
4047,6.36
4048,5.93
4049,6.05
4050,5.65
4051,5.15
4052,4.91
4053,5.71
4054,6.54
4055,7.07
4056,6.78
4057,6.34
4058,6.04
4059,6.35
4060,7.74
4061,7.55
4062,8
4063,7.72
4064,8.55
4065,9.04
4066,9.33
4067,11.35
4068,9.77
4069,10.37
4070,10.17
4071,11.1
4072,11.81
4073,11.11
4074,12.68
4075,9.84
4076,10.33
4077,12.36
4078,10.85
4079,9.17
4080,9.99
4081,10.33
4082,9.17
4083,8.96
4084,8.76
4085,8.58
4086,8.51
4087,8.11
4088,7.64
4089,8.76
4090,8.99
4091,9.04
4092,8.63
4093,9.13
4094,8.63
4095,7.9
4096,8.56
4097,8.41
4098,6.83
4099,6.46
4100,6.54
4101,7.2
4102,7.42
4103,7.16
4104,6.67
4105,6.16
4106,6.77
4107,6.38
4108,6.28
4109,5.86
4110,6.58
4111,5.36
4112,4.53
4113,3.86
4114,3.97
4115,3.91
4116,3.73
4117,3.72
4118,3.22
4119,3.06
4120,3.3
4121,2.82
4122,2.84
4123,2.31
4124,8.76
4125,8.58
4126,8.51
4127,8.11
4128,7.64
4129,8.76
4130,8.99
4131,9.04
4132,8.63
4133,9.13
4134,8.63
4135,7.9
4136,8.56
4137,8.41
4138,6.83
4139,6.46
4140,6.54
4141,7.2
4142,7.42
4143,7.16
4144,6.67
4145,6.16
4146,6.77
4147,6.38
4148,6.28
4149,5.86
4150,6.58
4151,5.36
4152,2.08
4153,4.91
4154,5.71
4155,6.54
4156,7.07
4157,6.78
4158,6.34
4159,6.04
4160,4.34
4161,3.92
4162,4.31
4163,2.88
4164,2.54
4165,2.91
4166,2.88
4167,4.03
4168,4.34
4169,3.92
4170,4.31
4171,4.53
4172,4.86
4173,4.87
4174,4.45
4175,4.02
4176,3.55
4177,4.05
4178,4.18
4179,4.13
4180,3.91
4181,4.45
4182,4.42
4183,4.1
4184,4.09
4185,4.15
4186,3.23
4187,4.09
4188,4.4
4189,4.69
4190,5.4
4191,6.07
4192,6.35
4193,6.31
4194,5.54
4195,6.53
4196,6.99
4197,6.51
4198,6.07
4199,6.39
4200,6.82
4201,6.52
4202,6.65
4203,6.06
4204,6.58
4205,7.26
4206,8.17
4207,8.45
4208,8.4
4209,8.11
4210,8.29
4211,8.05
4212,7.24
4213,6.87
4214,6.93
4215,6.95
4216,6.81
4217,7.47
4218,5.7
4219,6.07
4220,7.31
4221,7.18
4222,7.41
4223,7.68
4224,7
4225,6.75
4226,5.56
4227,5.32
4228,4.73
4229,4.58
4230,3.6
4231,2.73
4232,2.59
4233,2.43
4234,2.87
4235,2.33
4236,2.43
4237,1.83
4238,2.16
4239,2.46
4240,3.32
4241,4.6
4242,4.72
4243,4.98
4244,4.52
4245,5.46
4246,4.47
4247,4.83
4248,5.81
4249,5.54
4250,5.65
4251,6.26
4252,4.75
4253,4.7
4254,4.82
4255,6.03
4256,6.21
4257,7.04
4258,7.16
4259,7.36
4260,8.15
4261,8.74
4262,8.15
4263,7.95
4264,8.69
4265,8.23
4266,8.06
4267,7.63
4268,7.52
4269,7.22
4270,6.76
4271,7.64
4272,7.23
4273,6.3
4274,5.8
4275,4.98
4276,5.74
4277,5.52
4278,5.83
4279,6.01
4280,5.47
4281,6.51
4282,5.78
4283,5.03
4284,5.62
4285,5.85
4286,7.17
4287,6.92
4288,6.71
4289,7.61
4290,7.82
4291,7.25
4292,6.96
4293,6.3
4294,7.34
4295,7.46
4296,7.25
4297,6.87
4298,6.28
4299,5.49
4300,4.75
4301,5.26
4302,5.09
4303,4.46
4304,4.77
4305,4.09
4306,3.87
4307,4.16
4308,3.92
4309,4.36
4310,5.44
4311,6.49
4312,5.27
4313,4.79
4314,5.26
4315,5.2
4316,4.79
4317,5.44
4318,5.1
4319,5.22
4320,5.35
4321,5.9
4322,6.39
4323,7.19
4324,7.96
4325,6.8
4326,6.68
4327,6.88
4328,7.33
4329,7.38
4330,7.85
4331,6.96
4332,7.22
4333,7.16
4334,6.97
4335,6.42
4336,6.87
4337,6.46
4338,5.92
4339,4.82
4340,5.09
4341,5.24
4342,5.3
4343,5.67
4344,5.67
4345,4.67
4346,4.49
4347,3.46
4348,2.89
4349,2.9
4350,2.25
4351,4.67
4352,4.49
4353,3.46
4354,2.67
4355,2.57
4356,1.85
4357,2.19
4358,2.76
4359,3.48
4360,3.83
4361,4.41
4362,4.23
4363,4
4364,2.79
4365,3.37
4366,4.45
4367,5.59
4368,4.8
4369,5.38
4370,4.46
4371,3.76
4372,3.67
4373,3.53
4374,3.91
4375,3.08
4376,3.74
4377,4.29
4378,4.58
4379,5.3
4380,5.26
4381,6.04
4382,5.79
4383,5.15
4384,4.81
4385,4.66
4386,4.61
4387,3.93
4388,3.31
4389,4.12
4390,3.83
4391,4.31
4392,5.68
4393,5.32
4394,6.49
4395,5.83
4396,5.14
4397,4.98
4398,6.17
4399,6.37
4400,8.31
4401,6.94
4402,7.97
4403,8.1
4404,8.38
4405,8.89
4406,8.72
4407,8.29
4408,9.01
4409,8.46
4410,9.32
4411,10.46
4412,9.06
4413,8.38
4414,8.24
4415,7.13
4416,8.02
4417,7.54
4418,8.15
4419,7.01
4420,6.98
4421,8.4
4422,9.29
4423,8.82
4424,8.62
4425,7.08
4426,7.02
4427,7.93
4428,9.18
4429,8.7
4430,8.8
4431,9.42
4432,9.65
4433,9.3
4434,7.86
4435,6.35
4436,6.28
4437,6.05
4438,5.16
4439,6.71
4440,5.56
4441,6.31
4442,7.83
4443,7.04
4444,8.9
4445,7.1
4446,5.78
4447,5.14
4448,4.21
4449,5.13
4450,5.25
4451,4.44
4452,4.9
4453,3.86
4454,3.69
4455,3.61
4456,3.61
4457,4.17
4458,4.04
4459,4.65
4460,4.54
4461,5.94
4462,7.25
4463,7.01
4464,6.85
4465,5.9
4466,6.14
4467,7.5
4468,7.7
4469,8.52
4470,8.23
4471,7.86
4472,7.45
4473,7.68
4474,8.05
4475,8.27
4476,7.65
4477,6.45
4478,6.03
4479,5.64
4480,5.18
4481,5.59
4482,5.89
4483,6.59
4484,5.59
4485,6.52
4486,6.61
4487,6.84
4488,6.54
4489,7.68
4490,7.17
4491,6.52
4492,5.87
4493,5.77
4494,5.44
4495,5.76
4496,5.71
4497,5.55
4498,5.82
4499,7.12
4500,7.64
4501,7.76
4502,7.21
4503,7.56
4504,6.72
4505,5.95
4506,5.02
4507,4.54
4508,5.63
4509,6.4
4510,8.19
4511,7.53
4512,7.22
4513,7.04
4514,6.43
4515,5.14
4516,6.04
4517,5.85
4518,6.31
4519,6.35
4520,6.81
4521,7.52
4522,7.83
4523,7.84
4524,8.19
4525,6.81
4526,7.29
4527,7.91
4528,6.15
4529,6.9
4530,6.11
4531,5.54
4532,5.57
4533,5.26
4534,6.88
4535,9.96
4536,9.35
4537,9.89
4538,11.93
4539,12.82
4540,10.81
4541,11.37
4542,10.6
4543,10.39
4544,9.49
4545,11.2
4546,9.82
4547,9.57
4548,9.82
4549,9.72
4550,8.72
4551,7.43
4552,6.86
4553,5.79
4554,5.78
4555,5.48
4556,5.49
4557,6.37
4558,5.72
4559,4.8
4560,4.6
4561,4.11
4562,4.6
4563,4.66
4564,4.37
4565,4.69
4566,4.31
4567,4.29
4568,5.19
4569,5.16
4570,5.69
4571,5.61
4572,5.41
4573,5.7
4574,5.97
4575,6.59
4576,6.75
4577,7.25
4578,5.39
4579,5.97
4580,7.19
4581,7.41
4582,5.54
4583,5.06
4584,7.21
4585,7.6
4586,7.93
4587,7.26
4588,6.2
4589,5.87
4590,5.88
4591,7.28
4592,6.62
4593,6.04
4594,5.18
4595,4.83
4596,4.38
4597,3.71
4598,3.66
4599,3.49
4600,4.45
4601,4.06
4602,4.06
4603,3.27
4604,3.96
4605,4.39
4606,4.01
4607,4.76
4608,4.66
4609,4.81
4610,5.19
4611,5.2
4612,5.31
4613,4.87
4614,6.28
4615,5.49
4616,6.1
4617,6.06
4618,7.41
4619,6.98
4620,6.48
4621,6.09
4622,6.8
4623,6.47
4624,6.36
4625,7.49
4626,7.78
4627,7
4628,7.69
4629,7.06
4630,7.23
4631,5.97
4632,6.15
4633,5.66
4634,6.79
4635,6.5
4636,5.36
4637,4.88
4638,4.75
4639,4.56
4640,3.86
4641,3.57
4642,1.97
4643,1.88
4644,2.94
4645,3.33
4646,4
4647,3.09
4648,2.77
4649,3.54
4650,2.71
4651,3.01
4652,3.8
4653,3.72
4654,4.65
4655,4.73
4656,4.66
4657,4.97
4658,5.02
4659,5.1
4660,4.92
4661,4.75
4662,5.39
4663,4.85
4664,5.95
4665,6.43
4666,6.61
4667,6.34
4668,6.3
4669,6.6
4670,4.96
4671,5.52
4672,5.5
4673,5.38
4674,5.71
4675,7.25
4676,8.61
4677,10.29
4678,9.37
4679,8.46
4680,7.24
4681,8.2
4682,8.53
4683,8.76
4684,9.09
4685,7.85
4686,6.46
4687,5.69
4688,5.12
4689,4.56
4690,4.27
4691,4.19
4692,4.19
4693,3.88
4694,3.97
4695,3.99
4696,3.19
4697,3.21
4698,3.15
4699,4.18
4700,3.53
4701,2.86
4702,2.37
4703,4.65
4704,4.73
4705,4.66
4706,4.97
4707,5.02
4708,5.1
4709,4.92
4710,4.75
4711,5.39
4712,4.85
4713,5.95
4714,6.43
4715,6.61
4716,6.34
4717,6.3
4718,6.6
4719,4.96
4720,5.52
4721,2.38
4722,2.6
4723,3.78
4724,3.88
4725,3.92
4726,3.78
4727,4.86
4728,4.44
4729,6.22
4730,6.29
4731,6.59
4732,6.08
4733,6.21
4734,7.36
4735,6.68
4736,7.27
4737,6.25
4738,5.62
4739,4.9
4740,3.41
4741,3.24
4742,3.18
4743,3.36
4744,2.98
4745,3.3
4746,4.16
4747,3.71
4748,4.27
4749,4.53
4750,5.04
4751,4.8
4752,4.4
4753,4.26
4754,5.11
4755,4.93
4756,4.47
4757,4.15
4758,4.32
4759,3.49
4760,3.88
4761,3.23
4762,3.41
4763,3.29
4764,4.02
4765,4.1
4766,4.11
4767,4.28
4768,5.03
4769,5.88
4770,6.69
4771,7.64
4772,7.51
4773,7.65
4774,6.66
4775,6.95
4776,4.71
4777,5.43
4778,6.16
4779,5.77
4780,5.57
4781,5.85
4782,4.82
4783,5.76
4784,5.83
4785,6.8
4786,7.3
4787,7.51
4788,7.69
4789,5.8
4790,6.53
4791,6.74
4792,6.49
4793,6.91
4794,6.55
4795,7.88
4796,7.19
4797,7.26
4798,6.02
4799,5.65
4800,5.81
4801,4.97
4802,6.72
4803,6.47
4804,6.27
4805,6.19
4806,5.3
4807,5.12
4808,4.69
4809,3.98
4810,2.91
4811,3.29
4812,4.35
4813,4.48
4814,3.99
4815,4.16
4816,4.54
4817,4.21
4818,4.75
4819,4.57
4820,4.27
4821,4.43
4822,4.94
4823,4.03
4824,3.39
4825,2.31
4826,3.02
4827,2.34
4828,3.08
4829,4.67
4830,5.24
4831,5.06
4832,5.85
4833,7.02
4834,6.97
4835,6.97
4836,6.05
4837,5.84
4838,6.1
4839,7.06
4840,7.77
4841,6.63
4842,7.39
4843,7.57
4844,7.86
4845,6.32
4846,7.04
4847,6.61
4848,6.26
4849,6.15
4850,5.08
4851,4.33
4852,4.32
4853,4.26
4854,4.25
4855,4.44
4856,4.95
4857,4.55
4858,3.53
4859,3.68
4860,3.35
4861,3.95
4862,3.81
4863,3.91
4864,3.81
4865,2.99
4866,2.85
4867,2.65
4868,2.82
4869,2.77
4870,3.35
4871,4.28
4872,4.67
4873,6.14
4874,6.55
4875,5.57
4876,5.37
4877,5.35
4878,4.94
4879,5.04
4880,4.89
4881,5
4882,5.93
4883,5.61
4884,5.37
4885,5.91
4886,5.34
4887,5.48
4888,5.24
4889,5.98
4890,5.47
4891,5.2
4892,5.44
4893,5.43
4894,3.6
4895,3.5
4896,3.81
4897,4.22
4898,3.37
4899,2.87
4900,2.5
4901,2.23
4902,2.19
4903,2.23
4904,2.08
4905,2.5
4906,3.53
4907,3.15
4908,2.23
4909,2.11
4910,5.34
4911,5.48
4912,5.24
4913,5.98
4914,5.47
4915,5.2
4916,2.6
4917,2.45
4918,2.59
4919,2.73
4920,2.67
4921,3.03
4922,2.64
4923,3.6
4924,3.88
4925,3.07
4926,2.8
4927,3.78
4928,4.1
4929,4.11
4930,4.77
4931,5.29
4932,5.22
4933,5.38
4934,5.47
4935,4.88
4936,5.19
4937,4.93
4938,5.64
4939,6.24
4940,6.19
4941,5.98
4942,4.8
4943,4.9
4944,5.08
4945,4.52
4946,3.98
4947,3.69
4948,3.45
4949,3.1
4950,2.93
4951,3.15
4952,3.75
4953,3.32
4954,2.69
4955,2.8
4956,3.62
4957,4.52
4958,4.57
4959,4.45
4960,4.42
4961,3.2
4962,3.05
4963,2.96
4964,2.05
4965,4.52
4966,3.98
4967,3.69
4968,3.45
4969,3.1
4970,2.93
4971,3.15
4972,3.75
4973,3.32
4974,2.69
4975,2.8
4976,3.62
4977,4.52
4978,4.57
4979,4.45
4980,2.12
4981,1.94
4982,2.48
4983,3.11
4984,3.43
4985,3.6
4986,3.77
4987,4.09
4988,3.84
4989,3.62
4990,3.32
4991,3.91
4992,3.6
4993,2.78
4994,2.81
4995,2.31
4996,1.77
4997,2.28
4998,2.35
4999,2.4
5000,2.35
5001,2.04
5002,2.43
5003,2.17
5004,3.08
5005,2.59
5006,2.69
5007,2.89
5008,3.02
5009,2.89
5010,3.16
5011,3.31
5012,3.64
5013,3.67
5014,2.67
5015,2.61
5016,2.16
5017,3.18
5018,3.3
5019,2.42
5020,2.36
5021,2.36
5022,1.9
5023,3
5024,3.49
5025,4.52
5026,5.35
5027,6.44
5028,6.95
5029,7.99
5030,8.75
5031,6.71
5032,8.52
5033,8.48
5034,8.28
5035,8.24
5036,7.45
5037,7
5038,6.28
5039,5.94
5040,5.69
5041,6.86
5042,7.13
5043,5.85
5044,4.04
5045,3.3
5046,3.2
5047,3.45
5048,3.67
5049,4.35
5050,4.83
5051,6.64
5052,6.77
5053,6.86
5054,8.02
5055,9.04
5056,8.37
5057,10.11
5058,9.61
5059,10.82
5060,9.64
5061,10.15
5062,9.07
5063,8.86
5064,8.49
5065,8.53
5066,7.99
5067,8.14
5068,9.04
5069,9.26
5070,9.19
5071,8.15
5072,6.81
5073,6.23
5074,6.08
5075,5.21
5076,5.09
5077,5.04
5078,5.45
5079,5.49
5080,4.7
5081,4.07
5082,5.07
5083,4.75
5084,4.81
5085,3.93
5086,3.8
5087,4.8
5088,4.89
5089,5.52
5090,5.41
5091,6.25
5092,6.04
5093,6.59
5094,6.3
5095,5.93
5096,6.09
5097,5.57
5098,4.52
5099,5.3
5100,5.48
5101,5.55
5102,5.51
5103,4.98
5104,5.49
5105,5.21
5106,5.53
5107,5.91
5108,6.01
5109,5.15
5110,5.24
5111,5.15
5112,5.04
5113,5.55
5114,5.9
5115,5.17
5116,5.43
5117,4.95
5118,4.41
5119,5.9
5120,5.83
5121,5.15
5122,5.44
5123,5.18
5124,5.48
5125,5.24
5126,4.88
5127,5.27
5128,5.64
5129,5.37
5130,6.38
5131,6.6
5132,7.1
5133,8.11
5134,8.2
5135,8.33
5136,8.33
5137,8.36
5138,7.32
5139,8.93
5140,7.54
5141,7.07
5142,8.84
5143,7.8
5144,7.66
5145,6.57
5146,6.12
5147,5.71
5148,5.64
5149,5.05
5150,4.82
5151,4.95
5152,4.76
5153,4.66
5154,5.48
5155,5.44
5156,4.84
5157,5.05
5158,5.83
5159,5.32
5160,5.76
5161,5.87
5162,5.77
5163,6.07
5164,6.06
5165,7.01
5166,7.59
5167,8.17
5168,8.79
5169,8.89
5170,9.25
5171,8.51
5172,8.1
5173,8.29
5174,8.28
5175,9.22
5176,9.5
5177,9.66
5178,9.01
5179,9.4
5180,10.28
5181,9.99
5182,10.1
5183,10.02
5184,9.33
5185,9.02
5186,9.71
5187,9.06
5188,8.16
5189,7.37
5190,8.31
5191,9.07
5192,9.6
5193,9.21
5194,8.74
5195,7.57
5196,7.21
5197,7.67
5198,7.32
5199,7.37
5200,6.78
5201,6.71
5202,6.19
5203,5.47
5204,4.81
5205,5.43
5206,5.24
5207,4.44
5208,4.69
5209,5.18
5210,5.26
5211,5.38
5212,5.4
5213,4.99
5214,4.96
5215,4.45
5216,3.91
5217,3.11
5218,3.73
5219,3.38
5220,3.16
5221,3.79
5222,3.98
5223,4.2
5224,3.94
5225,4.23
5226,4.44
5227,5.01
5228,6.05
5229,6.11
5230,6.75
5231,6.65
5232,6.91
5233,6.87
5234,6.64
5235,6.89
5236,7.17
5237,7.4
5238,7.01
5239,6.51
5240,6.67
5241,6.51
5242,6.79
5243,6.88
5244,6.86
5245,6.67
5246,7.11
5247,7.52
5248,7.45
5249,7.3
5250,8.26
5251,8.94
5252,9.57
5253,9.3
5254,8.03
5255,8.65
5256,9.33
5257,8.93
5258,7.97
5259,7.64
5260,8.65
5261,7.26
5262,8.03
5263,7.22
5264,6.97
5265,6.74
5266,6.41
5267,6.55
5268,6.8
5269,6.7
5270,8.39
5271,8.76
5272,8.63
5273,9.1
5274,9.99
5275,10.04
5276,10.15
5277,10.26
5278,9.62
5279,8.77
5280,10.21
5281,10.9
5282,11.31
5283,10.94
5284,10.49
5285,9.95
5286,9.36
5287,10.25
5288,11.06
5289,11.73
5290,12.18
5291,12.51
5292,12.33
5293,12.12
5294,12.57
5295,12.85
5296,14.18
5297,13.58
5298,13.69
5299,16.41
5300,13.5
5301,13.2
5302,12.79
5303,12.95
5304,12.01
5305,11.66
5306,11.68
5307,11.48
5308,11.75
5309,11.81
5310,12.42
5311,12.04
5312,12.05
5313,11.48
5314,11.3
5315,11.62
5316,10.93
5317,11.06
5318,11.42
5319,10.73
5320,10.5
5321,10.89
5322,10.37
5323,10.18
5324,9.71
5325,9.79
5326,8.52
5327,6.79
5328,6.77
5329,8.29
5330,9.39
5331,9.77
5332,8.66
5333,7.91
5334,8.08
5335,8.52
5336,8.19
5337,8.12
5338,7.94
5339,8.04
5340,7.67
5341,7.88
5342,8.12
5343,7.21
5344,7.9
5345,7.72
5346,7.59
5347,7.35
5348,7.81
5349,8.77
5350,8.82
5351,6.94
5352,7.78
5353,8.19
5354,7.62
5355,7.5
5356,7.57
5357,7.9
5358,7.78
5359,7.79
5360,8.36
5361,7.48
5362,6.4
5363,6.21
5364,6.36
5365,5.78
5366,6.28
5367,5.61
5368,5.47
5369,6.23
5370,6.99
5371,6.91
5372,5.76
5373,5.67
5374,5.81
5375,5.82
5376,5.87
5377,5.64
5378,5.07
5379,4.32
5380,4.16
5381,3.84
5382,3.74
5383,4.23
5384,5.08
5385,4.68
5386,3.49
5387,4.15
5388,4.42
5389,3.48
5390,3.83
5391,2.92
5392,4.22
5393,2.99
5394,3.14
5395,2.85
5396,1.92
5397,2.28
5398,2.46
5399,2.3
5400,3.01
5401,2.55
5402,2.2
5403,4.15
5404,4.42
5405,3.48
5406,3.83
5407,2.92
5408,4.22
5409,2.99
5410,3.14
5411,2.85
5412,1.92
5413,3.81
5414,4.33
5415,3.88
5416,4.24
5417,4.13
5418,3.88
5419,4.05
5420,3.96
5421,3.58
5422,2.81
5423,3.74
5424,3.63
5425,3.25
5426,3.44
5427,2.89
5428,3.65
5429,3.71
5430,3.98
5431,3.92
5432,3.64
5433,3.85
5434,3.2
5435,3.89
5436,3.37
5437,4.22
5438,4.04
5439,4.75
5440,4.57
5441,4.72
5442,5.04
5443,4.9
5444,5.24
5445,5.79
5446,6.04
5447,5.68
5448,5.28
5449,4.87
5450,4.3
5451,4.13
5452,3.58
5453,3.1
5454,3.67
5455,3.34
5456,3.31
5457,4.1
5458,4.4
5459,4.56
5460,4.41
5461,3.49
5462,3.54
5463,3.58
5464,3.71
5465,2.41
5466,2.53
5467,3.67
5468,3.34
5469,3.31
5470,4.1
5471,4.4
5472,2.7
5473,4.41
5474,3.49
5475,3.54
5476,3.58
5477,3.71
5478,3.49
5479,2.06
5480,2.53
5481,2.7
5482,2.7
5483,2.59
5484,2.22
5485,2.1
5486,2.85
5487,2.44
5488,1.8
5489,2.22
5490,2.1
5491,2.19
5492,3.23
5493,3.51
5494,4.33
5495,3.99
5496,4.3
5497,4.38
5498,4.83
5499,4.77
5500,4.63
5501,4.87
5502,3.81
5503,4.41
5504,4.05
5505,4.14
5506,3.82
5507,3.85
5508,4.6
5509,4.66
5510,3.42
5511,3.58
5512,3.19
5513,3.26
5514,2.95
5515,3.05
5516,3.17
5517,2.65
5518,2.67
5519,1.96
5520,2.72
5521,3.44
5522,3.78
5523,3.3
5524,2.5
5525,3.06
5526,3.36
5527,3.97
5528,4.25
5529,4.5
5530,5.07
5531,4.44
5532,4.61
5533,4.19
5534,4.02
5535,4.52
5536,4.67
5537,4.64
5538,4.52
5539,5.6
5540,5.72
5541,5.95
5542,7.41
5543,6.92
5544,7.59
5545,8.94
5546,9.08
5547,8.39
5548,8.5
5549,7.25
5550,8.53
5551,9.84
5552,9.22
5553,9.44
5554,9.75
5555,9.14
5556,8.09
5557,8.06
5558,8.14
5559,8.95
5560,8.87
5561,7.23
5562,7.19
5563,7.92
5564,8.6
5565,9.09
5566,8.44
5567,8.7
5568,9.39
5569,8.31
5570,8.86
5571,9.14
5572,9.21
5573,9.86
5574,9.09
5575,8.4
5576,8.39
5577,7.85
5578,7.9
5579,7.65
5580,7.9
5581,7.1
5582,7.85
5583,7.48
5584,6.82
5585,6.83
5586,6.63
5587,6.99
5588,7.3
5589,7.95
5590,9.62
5591,9.52
5592,10.41
5593,11.01
5594,10.24
5595,9.87
5596,9.69
5597,10.16
5598,9.04
5599,8.82
5600,10.02
5601,9.22
5602,8.92
5603,8.77
5604,7.96
5605,7.56
5606,7.11
5607,7.31
5608,7.37
5609,6.37
5610,6.03
5611,6.35
5612,6.19
5613,6.09
5614,6.27
5615,6.33
5616,5.99
5617,5.61
5618,5.79
5619,5.8
5620,6.05
5621,6.69
5622,6.59
5623,6.49
5624,7.63
5625,7.06
5626,6.56
5627,7.01
5628,7.04
5629,8.2
5630,7.7
5631,7.39
5632,8
5633,7.66
5634,8.02
5635,6.9
5636,6.27
5637,6.13
5638,6.25
5639,5.53
5640,5.38
5641,4.7
5642,4.46
5643,4.17
5644,4.55
5645,4.32
5646,4.06
5647,2.77
5648,2.63
5649,3.26
5650,3.05
5651,3.61
5652,2.44
5653,2.34
5654,3.51
5655,3.02
5656,3.61
5657,3.37
5658,2.95
5659,3.28
5660,2.7
5661,2.15
5662,2.65
5663,3.06
5664,1.94
5665,2.27
5666,2.25
5667,3.24
5668,2.88
5669,2.59
5670,2.81
5671,2.77
5672,2.82
5673,3.72
5674,3.22
5675,4
5676,3.67
5677,4.74
5678,4.6
5679,5.04
5680,5.3
5681,5.71
5682,5.69
5683,5.44
5684,5.67
5685,6.42
5686,5.9
5687,6.19
5688,6.97
5689,7.48
5690,7.57
5691,7.28
5692,8.3
5693,6.77
5694,6.25
5695,6.59
5696,7.47
5697,6.93
5698,6.9
5699,5.87
5700,6.17
5701,6.03
5702,6.47
5703,6.52
5704,6.51
5705,5.71
5706,6.34
5707,7.11
5708,7.44
5709,7.07
5710,6.58
5711,6.5
5712,5.97
5713,5.28
5714,5.33
5715,5.44
5716,5
5717,5.59
5718,5.9
5719,6.31
5720,6.8
5721,7.69
5722,7.46
5723,8.27
5724,8.08
5725,8.51
5726,9.07
5727,7.76
5728,6.62
5729,7.01
5730,7.47
5731,7.08
5732,6.74
5733,7.67
5734,7.19
5735,5.94
5736,6.13
5737,6.26
5738,5.38
5739,4.88
5740,4.8
5741,4.89
5742,5.04
5743,5.64
5744,5.24
5745,5.72
5746,6.66
5747,6.44
5748,6.34
5749,6.5
5750,6.19
5751,6.73
5752,7.39
5753,6.97
5754,7.33
5755,7.94
5756,7.53
5757,6.7
5758,6.15
5759,6.4
5760,6.5
5761,5.85
5762,5.8
5763,6.02
5764,6.1
5765,6.35
5766,7.2
5767,7.18
5768,7.9
5769,8.51
5770,9.38
5771,8.48
5772,8.6
5773,7.87
5774,9.48
5775,9.67
5776,10.43
5777,10.38
5778,10.62
5779,10.54
5780,10.7
5781,10.62
5782,10.09
5783,9.59
5784,10.45
5785,10.7
5786,11.11
5787,11.24
5788,10.76
5789,11.08
5790,10.8
5791,11.1
5792,11.06
5793,10.29
5794,9.82
5795,10.02
5796,9.72
5797,8.66
5798,9.56
5799,9.15
5800,8.64
5801,9.53
5802,8.83
5803,8.41
5804,8.24
5805,7.7
5806,7.09
5807,7.14
5808,6.57
5809,6.19
5810,5.92
5811,5.99
5812,5.64
5813,5.08
5814,4.89
5815,5.12
5816,4.75
5817,4.94
5818,4.5
5819,4.37
5820,4.65
5821,4.14
5822,4.13
5823,4.63
5824,4.69
5825,4.98
5826,5.21
5827,5.25
5828,5.32
5829,4.92
5830,4.72
5831,4.33
5832,4.25
5833,2.87
5834,2.37
5835,3.19
5836,4.11
5837,3.84
5838,4.06
5839,4.16
5840,5.52
5841,7.3
5842,7.66
5843,8.37
5844,9.38
5845,10.45
5846,11.7
5847,11.37
5848,10.84
5849,10.28
5850,11.21
5851,12.47
5852,10.93
5853,11.03
5854,11.78
5855,11.78
5856,11.05
5857,10.59
5858,10.17
5859,10.02
5860,10.63
5861,11.89
5862,10.53
5863,10
5864,9.85
5865,8.22
5866,8.79
5867,8.36
5868,9.11
5869,7.25
5870,6.74
5871,5.56
5872,6.53
5873,6.5
5874,6.34
5875,7.42
5876,6.54
5877,6.67
5878,6.63
5879,6.63
5880,6.86
5881,7.6
5882,7.09
5883,6.69
5884,7.78
5885,7.47
5886,6.44
5887,6.2
5888,6.4
5889,6.75
5890,7.23
5891,8.19
5892,8.82
5893,8.48
5894,8.55
5895,8.6
5896,9.37
5897,9.89
5898,9.89
5899,10.31
5900,12.26
5901,12.78
5902,12.37
5903,12.97
5904,9.94
5905,9.78
5906,9.95
5907,10.18
5908,13.02
5909,11.83
5910,12.48
5911,12.24
5912,11.67
5913,11.44
5914,10.73
5915,10.4
5916,9.87
5917,10.43
5918,8.86
5919,9.24
5920,7.46
5921,7.41
5922,6.74
5923,6.32
5924,5.02
5925,4.29
5926,3.62
5927,3.68
5928,3.22
5929,2.81
5930,3.35
5931,3.34
5932,5.05
5933,4.33
5934,4.42
5935,6.35
5936,6.1
5937,6.94
5938,7.85
5939,8.51
5940,8.27
5941,6.51
5942,6.77
5943,8.05
5944,8.01
5945,8.06
5946,8.92
5947,7.72
5948,7.33
5949,7.34
5950,8.6
5951,8.77
5952,9.03
5953,8.24
5954,6.91
5955,7.76
5956,8.36
5957,7.76
5958,7.82
5959,8.47
5960,7.14
5961,6.5
5962,7.89
5963,8.69
5964,8.54
5965,10
5966,10.88
5967,10.39
5968,9.17
5969,9.42
5970,8.85
5971,8.78
5972,9.01
5973,8.32
5974,7.53
5975,6
5976,6.34
5977,6.2
5978,6.49
5979,6.54
5980,6.25
5981,6.51
5982,7.03
5983,7.3
5984,7.49
5985,7.3
5986,6.83
5987,6.54
5988,6.99
5989,7.14
5990,6.35
5991,7.54
5992,7.9
5993,6.62
5994,5.89
5995,6.08
5996,5.81
5997,5.63
5998,6.07
5999,4.83
6000,4.8
6001,3.67
6002,3.66
6003,2.55
6004,2.55
6005,1.75
6006,1.75
6007,2.52
6008,2.8
6009,3.33
6010,2.17
6011,1.89
6012,2.22
6013,1.86
6014,3.07
6015,2.84
6016,2.84
6017,2.41
6018,2.04
6019,2.04
6020,2.46
6021,2.89
6022,3.18
6023,4.42
6024,4.04
6025,2.98
6026,3.94
6027,5.86
6028,4.81
6029,5.31
6030,4.97
6031,4.25
6032,4.56
6033,3.95
6034,4.96
6035,4.86
6036,5.2
6037,5.15
6038,6.63
6039,7.37
6040,8.45
6041,7.62
6042,7.27
6043,7.75
6044,7.38
6045,7.98
6046,7.94
6047,8.78
6048,8.88
6049,8.97
6050,9.19
6051,9.75
6052,8.51
6053,6.78
6054,5.26
6055,4.49
6056,4.99
6057,5.48
6058,5.59
6059,5.5
6060,4.17
6061,4.32
6062,4.83
6063,4.53
6064,3.34
6065,3.57
6066,4.7
6067,6.61
6068,6.36
6069,5.96
6070,8.56
6071,8.01
6072,9.43
6073,10.18
6074,8.48
6075,8.27
6076,7.56
6077,6.67
6078,5.69
6079,4.45
6080,4
6081,3.84
6082,3.94
6083,5.14
6084,5.72
6085,4.38
6086,4.77
6087,6.14
6088,7.49
6089,7.81
6090,8
6091,8.18
6092,8
6093,9.52
6094,8.49
6095,7.84
6096,7.43
6097,7.11
6098,6.62
6099,6.48
6100,5.35
6101,6.31
6102,5.64
6103,5.8
6104,5.67
6105,5.97
6106,3.82
6107,4.78
6108,4.86
6109,4.97
6110,4.5
6111,3.88
6112,3.52
6113,3.87
6114,4.24
6115,4.74
6116,5.07
6117,5.52
6118,5.78
6119,5.88
6120,5.03
6121,5.15
6122,4.79
6123,5.58
6124,5.39
6125,5.55
6126,5.95
6127,5.25
6128,4.61
6129,4.4
6130,4.18
6131,3.73
6132,4.08
6133,5.21
6134,5.32
6135,5.91
6136,6.92
6137,6.38
6138,7.53
6139,7.21
6140,7.13
6141,6.86
6142,8.32
6143,7.17
6144,8.31
6145,8.33
6146,6.75
6147,7
6148,7.21
6149,6.82
6150,6.44
6151,6.11
6152,4.94
6153,4.54
6154,6.2
6155,8.09
6156,9.65
6157,10.89
6158,12.01
6159,11.11
6160,12.09
6161,13.41
6162,14.86
6163,16.41
6164,14.25
6165,13.59
6166,12.65
6167,13.22
6168,13.81
6169,12.01
6170,11.52
6171,12.54
6172,10.53
6173,11.24
6174,11.4
6175,11.54
6176,11.02
6177,10.06
6178,9.95
6179,9.79
6180,9.07
6181,10.09
6182,9.61
6183,9.43
6184,9.31
6185,8.69
6186,9.29
6187,8.29
6188,9.66
6189,10.71
6190,8.87
6191,8.68
6192,8.3
6193,7.9
6194,8.31
6195,7.1
6196,6.12
6197,4.57
6198,3.9
6199,4.3
6200,5.51
6201,5.56
6202,5.39
6203,5.88
6204,5.84
6205,4.6
6206,5.58
6207,5.13
6208,6.8
6209,6.4
6210,6.91
6211,6.97
6212,7.64
6213,6.57
6214,4.75
6215,5.59
6216,5.71
6217,5.33
6218,5.71
6219,5.55
6220,5.78
6221,5.97
6222,5.6
6223,6.18
6224,6.18
6225,6.03
6226,5.64
6227,5.4
6228,7.15
6229,7.05
6230,6.52
6231,7.62
6232,7.83
6233,9.6
6234,10.27
6235,9.59
6236,10.33
6237,9.89
6238,10.64
6239,11.34
6240,10.76
6241,11.04
6242,10.23
6243,9.44
6244,7.87
6245,6.1
6246,5.9
6247,5.17
6248,4.21
6249,4.54
6250,5.04
6251,4.92
6252,4.1
6253,4.68
6254,4.13
6255,4.61
6256,4.02
6257,3.32
6258,3.1
6259,3.21
6260,4.06
6261,3.72
6262,3.1
6263,3.35
6264,3.39
6265,3.29
6266,3.6
6267,4.33
6268,4.53
6269,5.04
6270,4.71
6271,4.13
6272,3.43
6273,4.12
6274,4.72
6275,4.27
6276,4.79
6277,5.48
6278,4.51
6279,4.31
6280,3.88
6281,3.53
6282,4.02
6283,3.92
6284,4.31
6285,5.86
6286,6.27
6287,7.21
6288,7.2
6289,7.06
6290,6.11
6291,7.08
6292,7.6
6293,6.91
6294,8.18
6295,7.66
6296,6.33
6297,6.06
6298,5.91
6299,4.83
6300,5.11
6301,5.03
6302,5.47
6303,5.48
6304,6.05
6305,5.99
6306,4.89
6307,5.69
6308,5.47
6309,4.57
6310,3.7
6311,5.17
6312,5.8
6313,7.12
6314,6.33
6315,6.77
6316,6.33
6317,5.18
6318,4.84
6319,5.73
6320,5.03
6321,5.24
6322,4.43
6323,4.6
6324,4.91
6325,5.9
6326,5.29
6327,7.02
6328,8.24
6329,8.14
6330,7.34
6331,6.82
6332,7.28
6333,7.71
6334,9.19
6335,8.69
6336,8.17
6337,9.1
6338,9.28
6339,9.59
6340,8.2
6341,8.03
6342,8.72
6343,8.23
6344,9.07
6345,8.88
6346,10.28
6347,9.38
6348,7.81
6349,7.92
6350,8.18
6351,8.09
6352,8.18
6353,7.62
6354,6.68
6355,5.83
6356,5.1
6357,4.97
6358,3.66
6359,4.14
6360,3.79
6361,3.08
6362,2.22
6363,2.76
6364,3.18
6365,2.88
6366,2.04
6367,2.22
6368,2.76
6369,2.13
6370,2.58
6371,3.13
6372,2.64
6373,2.93
6374,2.5
6375,2.58
6376,3.13
6377,3.67
6378,2.7
6379,2.66
6380,2.35
6381,2.52
6382,2.16
6383,2.81
6384,3.48
6385,2.55
6386,2.3
6387,2.11
6388,1.94
6389,2.07
6390,2.29
6391,2.28
6392,2.28
6393,2.12
6394,2.39
6395,3.41
6396,3.48
6397,2.55
6398,2.3
6399,2.11
6400,1.94
6401,3.5
6402,3.11
6403,3.5
6404,3.38
6405,2.98
6406,3.13
6407,3.89
6408,3.45
6409,3.5
6410,3.11
6411,3.5
6412,4.66
6413,4.31
6414,4.37
6415,3.9
6416,3.2
6417,4.01
6418,5.44
6419,5.43
6420,5.83
6421,6.06
6422,5.27
6423,5.91
6424,6.53
6425,5.22
6426,6.77
6427,7.41
6428,7.1
6429,7.4
6430,6.57
6431,5.85
6432,6.25
6433,6.18
6434,6.93
6435,6.74
6436,6.16
6437,4.24
6438,5.24
6439,4.76
6440,4.39
6441,4.58
6442,4.78
6443,5.17
6444,5.76
6445,6.4
6446,5.84
6447,5.35
6448,5.63
6449,6.22
6450,6.16
6451,5.36
6452,5.26
6453,6.18
6454,6.52
6455,7.3
6456,7.17
6457,7.22
6458,8.59
6459,9.54
6460,9.24
6461,9.94
6462,8.96
6463,9.19
6464,9.57
6465,9.73
6466,9.05
6467,7.13
6468,7.15
6469,7.49
6470,7.89
6471,7.07
6472,7.62
6473,7.61
6474,8.09
6475,8.25
6476,9.48
6477,10.8
6478,10.97
6479,10.25
6480,10.38
6481,9.61
6482,9.32
6483,8.94
6484,8.69
6485,9.04
6486,7.69
6487,7.37
6488,7.56
6489,8.8
6490,7.95
6491,8.43
6492,9.1
6493,8.89
6494,9.03
6495,9.71
6496,8.85
6497,9
6498,9.53
6499,9.03
6500,8.62
6501,7.93
6502,7.68
6503,7.95
6504,7.55
6505,6.81
6506,4.95
6507,5.6
6508,6.74
6509,5.04
6510,4.79
6511,5.24
6512,6.3
6513,5.79
6514,6.82
6515,7.45
6516,8.58
6517,9.37
6518,10.69
6519,11.47
6520,10.56
6521,8.8
6522,7.47
6523,7.44
6524,8.07
6525,7.01
6526,6.86
6527,5.37
6528,6.04
6529,6.17
6530,5.76
6531,5.4
6532,6.2
6533,5.1
6534,4.59
6535,4.57
6536,3.83
6537,3.6
6538,3.65
6539,3.27
6540,2.93
6541,2.74
6542,2.63
6543,3.26
6544,2.9
6545,3.47
6546,3.28
6547,3.98
6548,4.41
6549,3.67
6550,3.84
6551,3.78
6552,3.56
6553,4.06
6554,4.39
6555,6.37
6556,6.17
6557,6.48
6558,5.13
6559,5.08
6560,4.25
6561,3.22
6562,2.95
6563,3.8
6564,4.66
6565,6.15
6566,6.98
6567,8.26
6568,7.92
6569,8.22
6570,9.21
6571,9.14
6572,9.99
6573,8.57
6574,10.44
6575,13.41
6576,10.82
6577,12.87
6578,12.16
6579,9.62
6580,8.25
6581,7.75
6582,7.7
6583,8.11
6584,9.34
6585,9.11
6586,7.74
6587,7.68
6588,8.35
6589,9.69
6590,9.94
6591,9.94
6592,10.13
6593,10.79
6594,11.09
6595,11.5
6596,10.64
6597,10.34
6598,11.93
6599,10.99
6600,10.55
6601,10.52
6602,10.59
6603,11.52
6604,9.87
6605,10.28
6606,10.14
6607,11.44
6608,10.58
6609,10.16
6610,10.3
6611,9.88
6612,8.8
6613,8.94
6614,8.38
6615,10.29
6616,11.79
6617,11.03
6618,12.1
6619,12.7
6620,12.9
6621,14.81
6622,10.94
6623,12.79
6624,12.24
6625,11.39
6626,12.07
6627,10.66
6628,10.54
6629,9.87
6630,10.01
6631,9.89
6632,6.63
6633,7.63
6634,7.46
6635,7.51
6636,6.79
6637,5.52
6638,5.17
6639,5.99
6640,6.81
6641,7.67
6642,6.93
6643,5.29
6644,6.04
6645,6.82
6646,5.63
6647,4.64
6648,4.34
6649,4.78
6650,4.33
6651,6.08
6652,7.18
6653,8.08
6654,7.64
6655,8.05
6656,9.39
6657,9.05
6658,8.87
6659,8.18
6660,8.64
6661,9.35
6662,8.96
6663,8.05
6664,10.51
6665,11.3
6666,10.49
6667,10.51
6668,10.93
6669,9.65
6670,9.59
6671,9.27
6672,10.58
6673,9.82
6674,10.07
6675,9.11
6676,8.32
6677,8.45
6678,8.54
6679,9.91
6680,9.93
6681,11.13
6682,9.88
6683,9.37
6684,8.14
6685,7.81
6686,7.3
6687,4.48
6688,5.76
6689,6.38
6690,5.34
6691,6.66
6692,8.33
6693,7.14
6694,7.17
6695,6.18
6696,5.75
6697,6.67
6698,7.07
6699,7.38
6700,6.59
6701,7.27
6702,7.17
6703,7.25
6704,7.15
6705,7.7
6706,7.87
6707,7.97
6708,8.57
6709,7.99
6710,9.66
6711,11.45
6712,13.69
6713,16.56
6714,14.42
6715,13.44
6716,14.63
6717,15.03
6718,13.86
6719,12.94
6720,11.73
6721,13.05
6722,13.44
6723,13.02
6724,11.06
6725,10.7
6726,11.72
6727,10.1
6728,8.76
6729,8.13
6730,5.36
6731,5.63
6732,3.67
6733,3.55
6734,3.04
6735,2.7
6736,4.04
6737,5.18
6738,6.38
6739,6.83
6740,7.75
6741,8.15
6742,7.5
6743,7.58
6744,6.44
6745,6.83
6746,6.59
6747,8.11
6748,8.5
6749,9.31
6750,8.93
6751,8.14
6752,9.14
6753,7.77
6754,8.03
6755,6.82
6756,3.29
6757,2.84
6758,4.92
6759,6.75
6760,6.33
6761,4.93
6762,4.12
6763,6.45
6764,5.6
6765,7.44
6766,7.41
6767,6.82
6768,6.55
6769,4.86
6770,5.7
6771,4.1
6772,2.12
6773,4.92
6774,6.75
6775,6.33
6776,4.93
6777,4.12
6778,6.45
6779,5.6
6780,7.44
6781,4.51
6782,5
6783,5.79
6784,5.83
6785,5.02
6786,4.44
6787,4.6
6788,4.59
6789,3.83
6790,4.9
6791,5.79
6792,4.72
6793,5.6
6794,5.51
6795,5.04
6796,5.39
6797,4.95
6798,5.58
6799,6.76
6800,6.31
6801,6.06
6802,7.06
6803,5.37
6804,6.28
6805,7.13
6806,7.6
6807,5.92
6808,6.17
6809,8.12
6810,8.71
6811,10.34
6812,9.78
6813,9.21
6814,9.58
6815,10.82
6816,12.02
6817,11.06
6818,12.05
6819,11.6
6820,9.95
6821,9.44
6822,9.62
6823,8.96
6824,9.03
6825,9.85
6826,9.41
6827,6.82
6828,7.47
6829,7.69
6830,6.6
6831,7.25
6832,6.43
6833,7.54
6834,8.75
6835,10.84
6836,10.03
6837,11.43
6838,13.72
6839,12.4
6840,15.26
6841,16.36
6842,14.49
6843,11.62
6844,12.47
6845,12.57
6846,12.29
6847,13.84
6848,10.77
6849,11.51
6850,9.27
6851,9.25
6852,10.28
6853,10.08
6854,12.1
6855,12.83
6856,12.24
6857,11.87
6858,13.99
6859,14.08
6860,13.75
6861,13.66
6862,11.59
6863,11.41
6864,10.17
6865,9.17
6866,9.62
6867,10.65
6868,11.12
6869,10.29
6870,9.4
6871,8.77
6872,9.07
6873,12.01
6874,12.36
6875,11.76
6876,13.22
6877,11.21
6878,11.21
6879,8.82
6880,8.44
6881,8.74
6882,9.01
6883,10.7
6884,12.48
6885,12.57
6886,10.36
6887,7.62
6888,6.8
6889,6.7
6890,6.88
6891,8.64
6892,7.61
6893,8.69
6894,7.34
6895,7.44
6896,6.74
6897,7.25
6898,8.41
6899,7.75
6900,9.34
6901,13.07
6902,12.2
6903,12.59
6904,11.29
6905,14.35
6906,11.27
6907,10.65
6908,11.81
6909,11.08
6910,10.56
6911,12.52
6912,14.69
6913,13.2
6914,10.64
6915,11.9
6916,11.07
6917,11.92
6918,11.76
6919,9.54
6920,11.18
6921,9.56
6922,8.65
6923,8.72
6924,9.59
6925,7.88
6926,7.85
6927,8.27
6928,8.68
6929,8.27
6930,8.75
6931,8.94
6932,9.48
6933,9.71
6934,11.72
6935,10.3
6936,11.66
6937,13.06
6938,14.52
6939,15.41
6940,15.36
6941,17.48
6942,17.22
6943,19.98
6944,17.67
6945,18.9
6946,19.16
6947,17.03
6948,15.48
6949,14.72
6950,14.4
6951,13.37
6952,10.81
6953,11.27
6954,12.54
6955,13.2
6956,15.59
6957,12.07
6958,10.8
6959,9.57
6960,9.76
6961,9.7
6962,10.33
6963,12.96
6964,13.57
6965,13.64
6966,11.72
6967,13.12
6968,14.15
6969,13.65
6970,13.2
6971,12.26
6972,11.69
6973,9.04
6974,8.5
6975,9.23
6976,8.83
6977,6.84
6978,5.92
6979,5.42
6980,4.99
6981,4.53
6982,5.19
6983,5.23
6984,4.52
6985,4.74
6986,6.44
6987,8.27
6988,7.47
6989,7.83
6990,8.58
6991,6.59
6992,5.93
6993,6.7
6994,7.18
6995,6.46
6996,5.01
6997,5.32
6998,4.63
6999,4.78
7000,4.99
7001,5.7
7002,6.47
7003,7.82
7004,5.62
7005,4.07
7006,2.8
7007,3.42
7008,3.28
7009,1.95
7010,2.2
7011,2.46
7012,2.41
7013,3.26
7014,3.42
7015,2.02
7016,2.02
7017,2.02
7018,2.38
7019,2.81
7020,3.71
7021,4.93
7022,5.13
7023,5.31
7024,6.14
7025,5.74
7026,4
7027,4.16
7028,3.69
7029,3.39
7030,3.98
7031,3.68
7032,3.01
7033,3.22
7034,2.66
7035,4.53
7036,1.95
7037,2.21
7038,2.07
7039,2.69
7040,4.18
7041,4.25
7042,4.18
7043,3.96
7044,4.14
7045,5.34
7046,4.49
7047,4.08
7048,4.81
7049,6.84
7050,6.64
7051,5.35
7052,4.89
7053,5.93
7054,6.42
7055,6.1
7056,5.36
7057,3.15
7058,2.48
7059,3.49
7060,3.99
7061,4.83
7062,3.67
7063,3.83
7064,4.6
7065,3.79
7066,3.33
7067,3.42
7068,2.65
7069,3.09
7070,3.33
7071,3.62
7072,5.13
7073,6.73
7074,8.46
7075,7.07
7076,6.49
7077,7.34
7078,8.56
7079,5.95
7080,6.18
7081,4.87
7082,5.44
7083,5.29
7084,5.89
7085,6.03
7086,5.54
7087,8.22
7088,9.03
7089,10.05
7090,11.16
7091,12.39
7092,9.57
7093,9.69
7094,8.94
7095,9.03
7096,8.54
7097,6.66
7098,6
7099,4.99
7100,8.09
7101,8.22
7102,7.74
7103,8.62
7104,9.34
7105,7.69
7106,7.45
7107,6.48
7108,6.1
7109,6.83
7110,6.08
7111,5.72
7112,4.74
7113,5.84
7114,5.45
7115,4.3
7116,2.34
7117,1.87
7118,1.79
7119,2.91
7120,3.39
7121,2.6
7122,3.12
7123,2.58
7124,3.55
7125,3.92
7126,4.74
7127,5.77
7128,6.18
7129,7.29
7130,8.02
7131,7.32
7132,5.7
7133,5.88
7134,5.72
7135,5.29
7136,5.39
7137,4.55
7138,5
7139,3.86
7140,3.5
7141,5.42
7142,3.57
7143,3.75
7144,3.87
7145,4.16
7146,6.75
7147,7.01
7148,7.9
7149,7.63
7150,9.01
7151,7.94
7152,7.7
7153,7.87
7154,8.27
7155,6.3
7156,6.99
7157,6.65
7158,7.32
7159,8.88
7160,7.94
7161,9.77
7162,8.56
7163,9.16
7164,7.56
7165,8.31
7166,8.41
7167,7.4
7168,8.31
7169,8.62
7170,7.22
7171,7.07
7172,7.61
7173,7.51
7174,8.36
7175,8.65
7176,10.35
7177,10.71
7178,10.55
7179,14.49
7180,15.19
7181,13.82
7182,15.01
7183,15.9
7184,15.87
7185,15.11
7186,13.48
7187,14.72
7188,15.46
7189,14.61
7190,15.94
7191,16.81
7192,16.6
7193,13.95
7194,13.06
7195,12.46
7196,14
7197,12.71
7198,11.72
7199,11.83
7200,10.95
7201,11.52
7202,11.16
7203,9.7
7204,10.89
7205,9.52
7206,11.63
7207,12.4
7208,13.33
7209,13.14
7210,11.66
7211,11.73
7212,10.68
7213,9.48
7214,7.8
7215,7.87
7216,9.53
7217,9.38
7218,8.74
7219,8.55
7220,6.47
7221,5.72
7222,4.5
7223,5.92
7224,7.16
7225,6.4
7226,7.38
7227,6.63
7228,6.17
7229,7
7230,8.4
7231,9.14
7232,8.9
7233,10.64
7234,9.57
7235,11.07
7236,12.52
7237,12.77
7238,14.71
7239,16.25
7240,14.09
7241,14.38
7242,10.93
7243,9.82
7244,8.92
7245,9.75
7246,10.22
7247,10.44
7248,10.19
7249,10.33
7250,10.88
7251,10.38
7252,9.64
7253,10.43
7254,12.76
7255,12.75
7256,12.57
7257,10.3
7258,9.36
7259,10.03
7260,9.46
7261,8.6
7262,6.99
7263,8.5
7264,7.99
7265,9.65
7266,8.96
7267,7.83
7268,6.28
7269,5.45
7270,4.97
7271,4.44
7272,6.16
7273,7.11
7274,6.85
7275,7.42
7276,7.31
7277,6.26
7278,6.25
7279,6.2
7280,4.36
7281,6
7282,5.42
7283,6.27
7284,4.61
7285,5.15
7286,5.8
7287,7.39
7288,9.07
7289,8.4
7290,7.89
7291,8.81
7292,10.17
7293,11.16
7294,12.18
7295,11.66
7296,10.81
7297,6.93
7298,5.87
7299,5.11
7300,4.75
7301,5.23
7302,4.83
7303,5.16
7304,4.84
7305,4.88
7306,6.23
7307,6.52
7308,7.73
7309,9.19
7310,8.65
7311,8.26
7312,9.08
7313,9.5
7314,10.51
7315,9.99
7316,10.46
7317,11.09
7318,9.8
7319,8.07
7320,8.35
7321,8.08
7322,9.17
7323,10.56
7324,9.28
7325,8.45
7326,9.94
7327,8.1
7328,8.25
7329,6.43
7330,8.2
7331,9.5
7332,9.88
7333,11.84
7334,13.24
7335,14.63
7336,15.58
7337,15.1
7338,15.05
7339,14.3
7340,13.75
7341,12.5
7342,11.31
7343,12.15
7344,12.19
7345,12.31
7346,10.95
7347,8.63
7348,10.42
7349,10.6
7350,9.62
7351,10.33
7352,12.92
7353,14.25
7354,11.46
7355,11.39
7356,10.19
7357,8.86
7358,10.08
7359,10.48
7360,10.61
7361,11.3
7362,11.3
7363,11.16
7364,8.27
7365,7.46
7366,6.46
7367,6.08
7368,6.28
7369,6.35
7370,6.99
7371,5.95
7372,7.24
7373,9.61
7374,10.38
7375,10.5
7376,11.25
7377,11.06
7378,10.15
7379,8.41
7380,10.48
7381,10.63
7382,8.29
7383,8.57
7384,8.18
7385,8.87
7386,10.09
7387,12.08
7388,11.98
7389,13.14
7390,13.26
7391,14.58
7392,12.59
7393,8.5
7394,9.51
7395,8.18
7396,5.93
7397,7.01
7398,7.47
7399,7.77
7400,7.04
7401,6.97
7402,7.64
7403,8.61
7404,6.75
7405,5.34
7406,6.44
7407,7.14
7408,7.28
7409,9.29
7410,10.17
7411,9.01
7412,9.69
7413,10.53
7414,10.62
7415,6.89
7416,7.7
7417,6.57
7418,7.03
7419,8.88
7420,10.29
7421,12.12
7422,10.9
7423,11.81
7424,12.6
7425,13.75
7426,14.35
7427,13.69
7428,14.82
7429,14.75
7430,14.98
7431,13.27
7432,13.1
7433,14.07
7434,11.65
7435,11.93
7436,11.65
7437,8.49
7438,8.53
7439,7.33
7440,9.92
7441,9.82
7442,10.52
7443,7.59
7444,6.44
7445,7.24
7446,7.2
7447,6.42
7448,6.19
7449,6.93
7450,6.24
7451,8.06
7452,8.01
7453,7.8
7454,8.85
7455,9.27
7456,11.34
7457,12.37
7458,10.73
7459,11.53
7460,11.71
7461,13.32
7462,13.14
7463,12.65
7464,12.13
7465,11.93
7466,10.71
7467,9.16
7468,9.82
7469,11.14
7470,10.3
7471,10.98
7472,8.17
7473,7.8
7474,7
7475,7.25
7476,6.91
7477,6.2
7478,7.46
7479,7.52
7480,7.4
7481,7.48
7482,7.92
7483,7.79
7484,6.65
7485,7.66
7486,7.5
7487,8.39
7488,8.62
7489,8.93
7490,11.46
7491,9.69
7492,7.43
7493,6.03
7494,6.58
7495,6.09
7496,5.4
7497,6.81
7498,7.77
7499,7.35
7500,8.31
7501,11.43
7502,10.86
7503,8.93
7504,9.24
7505,11
7506,10.55
7507,10
7508,9.43
7509,11.01
7510,11.48
7511,10.85
7512,10.26
7513,8.41
7514,8.83
7515,9.14
7516,10.07
7517,7.81
7518,6.84
7519,6.2
7520,5.5
7521,4.29
7522,3.52
7523,4.01
7524,4.79
7525,5.25
7526,4.9
7527,5.06
7528,4.4
7529,4.07
7530,5.05
7531,5.27
7532,4.63
7533,5.64
7534,5.93
7535,5.48
7536,5.36
7537,6.11
7538,6.05
7539,6.45
7540,6.7
7541,5.84
7542,6.85
7543,6.61
7544,4.89
7545,4.45
7546,4.61
7547,4.81
7548,4.56
7549,3.97
7550,4.69
7551,4.54
7552,5
7553,4.51
7554,4.69
7555,4.98
7556,5.45
7557,5.21
7558,5.41
7559,5.19
7560,5.45
7561,4.85
7562,5.11
7563,5.01
7564,5.73
7565,5.81
7566,5.8
7567,5.93
7568,6.66
7569,6.08
7570,7.22
7571,5.8
7572,6.62
7573,6.88
7574,7.94
7575,7.73
7576,8.34
7577,9.57
7578,11.32
7579,12.89
7580,12.42
7581,9.58
7582,11.93
7583,10.04
7584,9.57
7585,9.36
7586,8.94
7587,10.74
7588,12.27
7589,12.96
7590,12.74
7591,11.95
7592,12.85
7593,13.06
7594,14.87
7595,13.2
7596,12.6
7597,12.4
7598,11.32
7599,11.26
7600,9.69
7601,8.84
7602,9.13
7603,9.7
7604,10.67
7605,9.86
7606,8.73
7607,8.15
7608,9.91
7609,10.95
7610,11.14
7611,12.79
7612,12.1
7613,10.79
7614,9.93
7615,6.76
7616,6.01
7617,6.25
7618,5.69
7619,5.6
7620,5.58
7621,5.87
7622,6.08
7623,5.43
7624,5.58
7625,5.92
7626,8.04
7627,8.99
7628,9.49
7629,8.74
7630,9.09
7631,9.4
7632,10.92
7633,9.68
7634,9.08
7635,9.07
7636,8.53
7637,7.56
7638,7.49
7639,5.27
7640,6.72
7641,7.07
7642,7.47
7643,8.05
7644,6.22
7645,7.17
7646,9.34
7647,9.2
7648,9.66
7649,10.05
7650,10.35
7651,11.18
7652,10.28
7653,10.85
7654,9.49
7655,11.6
7656,11.12
7657,10.92
7658,8.78
7659,7.37
7660,9.55
7661,9.62
7662,11.21
7663,8.33
7664,8.14
7665,10.09
7666,10.7
7667,9.5
7668,9.24
7669,8.92
7670,9.44
7671,9.4
7672,11.03
7673,7.76
7674,10.1
7675,8.91
7676,7.97
7677,10.06
7678,9.3
7679,7.99
7680,7.89
7681,7.73
7682,6.81
7683,7.76
7684,6.88
7685,6.67
7686,7.84
7687,8.35
7688,7.09
7689,8.78
7690,7.89
7691,7.77
7692,9.15
7693,10.2
7694,10.37
7695,9.89
7696,7.92
7697,8.87
7698,10.17
7699,11.57
7700,10.51
7701,10.93
7702,13.93
7703,13.71
7704,13.9
7705,14.95
7706,16.72
7707,17.8
7708,17.11
7709,16.8
7710,17.23
7711,16.88
7712,15.5
7713,15.86
7714,14.65
7715,15.55
7716,15.34
7717,15.94
7718,16.27
7719,16.44
7720,17.63
7721,16.61
7722,16.06
7723,15.37
7724,14.47
7725,14.29
7726,15.34
7727,15.79
7728,15.57
7729,14.33
7730,15.44
7731,14.58
7732,13.25
7733,13.99
7734,12.17
7735,13.48
7736,14.53
7737,14.06
7738,14.54
7739,15.1
7740,15.83
7741,18.37
7742,18.54
7743,18.71
7744,18.97
7745,17.08
7746,16.63
7747,17.56
7748,18.58
7749,20.6
7750,20.78
7751,17.88
7752,16.47
7753,16.11
7754,16.2
7755,15.22
7756,15.23
7757,14.92
7758,14.46
7759,12.71
7760,12.32
7761,12.54
7762,11.87
7763,11.47
7764,12.48
7765,13.01
7766,12.97
7767,12.85
7768,12.01
7769,12.45
7770,12.3
7771,13.5
7772,13.71
7773,13.86
7774,12.22
7775,12.05
7776,12.21
7777,11.64
7778,13.35
7779,14
7780,13.04
7781,12.4
7782,11.5
7783,8.63
7784,9.85
7785,10.14
7786,13.53
7787,11.76
7788,13.38
7789,12.6
7790,12.64
7791,10.73
7792,10.5
7793,10.34
7794,9.3
7795,10.8
7796,11.47
7797,9.83
7798,9.2
7799,10.01
7800,8.81
7801,8.59
7802,8.82
7803,7.68
7804,7.16
7805,6.67
7806,8.07
7807,8.52
7808,10.9
7809,9.79
7810,7.17
7811,6.61
7812,6
7813,6.34
7814,6.79
7815,6.9
7816,6.56
7817,7.65
7818,7.38
7819,6.66
7820,5.77
7821,6.78
7822,6.41
7823,5.54
7824,5.67
7825,7.63
7826,6.29
7827,6.18
7828,4.99
7829,5.72
7830,5.3
7831,5.92
7832,7.32
7833,6.84
7834,7.3
7835,8.16
7836,7.9
7837,7.77
7838,9.02
7839,9.22
7840,10.02
7841,8.5
7842,8.59
7843,9.2
7844,7.71
7845,9.25
7846,9.36
7847,7.41
7848,9.12
7849,8.01
7850,8.59
7851,8.12
7852,6.65
7853,6.43
7854,5.35
7855,6.58
7856,5.66
7857,5.69
7858,5.6
7859,6.16
7860,5.17
7861,5.09
7862,3.71
7863,4.1
7864,3.9
7865,3.79
7866,3.75
7867,4.69
7868,3.56
7869,3.04
7870,3.26
7871,4.11
7872,3.78
7873,3.16
7874,3.39
7875,3.7
7876,3.62
7877,3.56
7878,4.13
7879,4.48
7880,4.62
7881,4.4
7882,4.11
7883,4.44
7884,3.82
7885,3.42
7886,3.63
7887,4.57
7888,4.4
7889,3.6
7890,3.1
7891,2.8
7892,2.29
7893,1.95
7894,2.05
7895,2.05
7896,2.36
7897,2.67
7898,2.25
7899,1.91
7900,1.99
7901,2.81
7902,2.46
7903,2.46
7904,2.64
7905,2.64
7906,2.26
7907,3.22
7908,2.55
7909,3.17
7910,2.98
7911,2.93
7912,2.82
7913,3.53
7914,4.16
7915,4.71
7916,4.4
7917,4.12
7918,3.66
7919,4.13
7920,4.24
7921,4.76
7922,4.09
7923,3.33
7924,3.07
7925,2.75
7926,2.6
7927,2.47
7928,2.47
7929,2.47
7930,1.99
7931,1.99
7932,2.66
7933,2.97
7934,3.26
7935,4.32
7936,5.16
7937,5.3
7938,7.06
7939,9.26
7940,9.81
7941,8.71
7942,9.81
7943,11.13
7944,13.52
7945,13.64
7946,11.97
7947,13.21
7948,13.41
7949,13.79
7950,13.68
7951,9.95
7952,10.7
7953,11.72
7954,10.89
7955,12
7956,13
7957,11.44
7958,13
7959,13.12
7960,12.94
7961,14.7
7962,14.3
7963,14.28
7964,13.86
7965,11.95
7966,11.96
7967,12.23
7968,9.76
7969,9.01
7970,10.3
7971,9.9
7972,12
7973,10.92
7974,10.8
7975,10.1
7976,7.95
7977,7.81
7978,7.57
7979,7.89
7980,8.48
7981,8.65
7982,6.93
7983,7.16
7984,9.6
7985,11.15
7986,11.51
7987,12.2
7988,11.75
7989,13.79
7990,13.98
7991,12.69
7992,11.5
7993,12.4
7994,12.93
7995,10.64
7996,8.29
7997,9.92
7998,8.63
7999,10.5
8000,8.29
8001,8.57
8002,8.83
8003,8.29
8004,7.08
8005,7.24
8006,5.79
8007,7.15
8008,6.67
8009,5.67
8010,5.97
8011,5.83
8012,4.89
8013,3.98
8014,3.33
8015,3.88
8016,3.9
8017,6.22
8018,6.62
8019,6.31
8020,5.27
8021,5.55
8022,6.69
8023,5.08
8024,5.7
8025,6.67
8026,6.68
8027,7.4
8028,8.2
8029,8.96
8030,7.54
8031,8.21
8032,8.8
8033,9.34
8034,10.06
8035,12.44
8036,12.19
8037,11.31
8038,13.63
8039,12.75
8040,13.08
8041,13.77
8042,11.72
8043,11.94
8044,11.62
8045,9.55
8046,7.21
8047,8.56
8048,9.68
8049,10.27
8050,10.98
8051,11.95
8052,11.55
8053,12.87
8054,13.72
8055,14.45
8056,13.44
8057,11.37
8058,12.76
8059,12.59
8060,13.21
8061,12.3
8062,14.59
8063,14.43
8064,16.13
8065,14.06
8066,14.27
8067,14.73
8068,14.88
8069,13.41
8070,12.91
8071,12.05
8072,12.38
8073,11.86
8074,10.34
8075,7.68
8076,6.73
8077,5.02
8078,5.8
8079,7.17
8080,8.06
8081,6.61
8082,6.01
8083,5.52
8084,5.61
8085,6.55
8086,5.81
8087,6.05
8088,6.12
8089,6.28
8090,9.18
8091,9.35
8092,9.21
8093,9.94
8094,8.16
8095,7.76
8096,7.97
8097,8.01
8098,7.66
8099,8.27
8100,9.04
8101,9.43
8102,9.53
8103,8.82
8104,8.39
8105,9.52
8106,10.84
8107,14
8108,14.23
8109,15.39
8110,14.21
8111,16.71
8112,15.54
8113,15.03
8114,14.69
8115,15.8
8116,15.33
8117,14.35
8118,13.82
8119,13.2
8120,11.16
8121,11.61
8122,10.72
8123,10.6
8124,10.81
8125,10.3
8126,8.68
8127,7.85
8128,7.1
8129,5.66
8130,5.41
8131,4.3
8132,3.56
8133,3.46
8134,3.75
8135,5.2
8136,6.19
8137,6.75
8138,7.48
8139,6.03
8140,6.55
8141,7.5
8142,7.16
8143,6.71
8144,6.99
8145,6.05
8146,5.15
8147,7
8148,6.48
8149,6.31
8150,6.99
8151,6.74
8152,6.33
8153,4.81
8154,5.1
8155,3.88
8156,4.14
8157,3.96
8158,5.66
8159,5.7
8160,4.61
8161,4.16
8162,4.84
8163,4.18
8164,4.21
8165,3.76
8166,4.23
8167,3.83
8168,4.34
8169,2.92
8170,2.52
8171,2.27
8172,3.52
8173,4.55
8174,5.42
8175,6.66
8176,6.63
8177,5.49
8178,5.21
8179,3.83
8180,3.02
8181,3.26
8182,3.4
8183,2.4
8184,2.4
8185,2.14
8186,2.31
8187,3.15
8188,4.63
8189,4.48
8190,4.72
8191,3.22
8192,3.52
8193,4.55
8194,5.42
8195,6.66
8196,6.63
8197,5.49
8198,5.21
8199,3.83
8200,3.02
8201,3.26
8202,3.4
8203,4.17
8204,5.43
8205,8.39
8206,8.51
8207,8.46
8208,7.21
8209,8
8210,5.77
8211,4.07
8212,4.64
8213,5.39
8214,5.2
8215,3.71
8216,3.78
8217,2.5
8218,3.13
8219,3.62
8220,3.93
8221,3.54
8222,2.91
8223,3.96
8224,3.4
8225,4.9
8226,4.6
8227,5.39
8228,4.66
8229,4.08
8230,4.25
8231,3.14
8232,4.58
8233,3.52
8234,4.46
8235,4.45
8236,4.39
8237,3.91
8238,5.03
8239,6.09
8240,5.71
8241,5.37
8242,6.4
8243,8.71
8244,7.96
8245,7.71
8246,7.13
8247,5.9
8248,6.65
8249,6.05
8250,6.25
8251,7.07
8252,7.7
8253,6.75
8254,8.07
8255,7.57
8256,6.22
8257,6.62
8258,6.97
8259,8.07
8260,8.01
8261,8.74
8262,8.53
8263,11.17
8264,13.29
8265,12.84
8266,11.36
8267,12.28
8268,11.94
8269,12.86
8270,12.39
8271,11.34
8272,10.18
8273,10.25
8274,10.16
8275,7.8
8276,9.3
8277,8.51
8278,8.7
8279,7.47
8280,6.96
8281,7.94
8282,6.26
8283,6.46
8284,5.84
8285,6.84
8286,8.58
8287,7.7
8288,8.01
8289,6.76
8290,6.12
8291,6.02
8292,5.57
8293,6.63
8294,6.12
8295,5.81
8296,6.44
8297,7.38
8298,5.96
8299,5.94
8300,6.17
8301,4.98
8302,4.94
8303,5.52
8304,5.71
8305,5.47
8306,5.31
8307,4.46
8308,5.39
8309,6.16
8310,6.55
8311,8.22
8312,9.09
8313,7.55
8314,6.68
8315,7.06
8316,6.06
8317,5.22
8318,5.17
8319,5.97
8320,6.89
8321,8.7
8322,9.08
8323,8.19
8324,7.84
8325,7.55
8326,8.86
8327,7.28
8328,7.76
8329,9.34
8330,8.93
8331,8.87
8332,9.19
8333,9.57
8334,10.33
8335,10.77
8336,11.43
8337,11.61
8338,10.46
8339,11.1
8340,11.19
8341,11.01
8342,10.97
8343,12.11
8344,11.66
8345,12.16
8346,12.46
8347,11.47
8348,11.04
8349,12.36
8350,10.24
8351,9.1
8352,10.04
8353,8.44
8354,9.05
8355,9.01
8356,9.62
8357,10.36
8358,9.78
8359,10.92
8360,10.25
8361,9.22
8362,9.57
8363,7.86
8364,7.5
8365,7.16
8366,6.55
8367,8.26
8368,8.44
8369,8.53
8370,7.79
8371,9.91
8372,9.66
8373,9.49
8374,9.7
8375,9.75
8376,8.93
8377,8.76
8378,8.44
8379,8.37
8380,8.2
8381,8.44
8382,8.72
8383,9.93
8384,9.89
8385,9.97
8386,9.9
8387,9.56
8388,9.91
8389,10.56
8390,9.92
8391,9.75
8392,10.41
8393,8.25
8394,8.14
8395,9.26
8396,9.06
8397,10.03
8398,9.75
8399,9.52
8400,10.61
8401,11.83
8402,10.18
8403,9.62
8404,8.42
8405,8.7
8406,6.98
8407,6.98
8408,7.56
8409,7.51
8410,9.92
8411,12.11
8412,11.12
8413,12.34
8414,12.5
8415,9.99
8416,10.78
8417,10.58
8418,11.89
8419,11.8
8420,11.75
8421,10.27
8422,7.59
8423,7.94
8424,8.42
8425,7.43
8426,8.09
8427,10.01
8428,11.64
8429,11.64
8430,10.9
8431,10.95
8432,10.38
8433,10.58
8434,9.26
8435,8.43
8436,7.85
8437,8.89
8438,7.23
8439,7.63
8440,8.7
8441,8.9
8442,10.3
8443,12.1
8444,11.96
8445,11.91
8446,10.45
8447,9.46
8448,9.6
8449,9.76
8450,12.88
8451,13.21
8452,11.16
8453,11.36
8454,12.92
8455,14.53
8456,15.61
8457,18.2
8458,16.52
8459,15.33
8460,15.64
8461,17.13
8462,17.91
8463,16.8
8464,16.97
8465,18.96
8466,16.3
8467,15.29
8468,14.37
8469,14.19
8470,14.89
8471,16.25
8472,15.04
8473,14.42
8474,13.95
8475,13.63
8476,13.31
8477,13.21
8478,11.49
8479,10.52
8480,9.25
8481,8.57
8482,7.27
8483,6.21
8484,5.8
8485,7.02
8486,6.48
8487,9.27
8488,8.94
8489,8.74
8490,9.76
8491,9.19
8492,10.52
8493,9.73
8494,9.74
8495,10.43
8496,10.2
8497,9.9
8498,10.79
8499,11.22
8500,10.58
8501,9.15
8502,8.22
8503,8.45
8504,8.31
8505,7.7
8506,9.12
8507,9.88
8508,9.57
8509,9.04
8510,9.82
8511,7.88
8512,7.98
8513,6.91
8514,6.73
8515,6.51
8516,7.26
8517,6.6
8518,5.74
8519,6.18
8520,7.02
8521,7.55
8522,6.92
8523,6.15
8524,7.22
8525,7.7
8526,8.61
8527,8.53
8528,8.56
8529,8.6
8530,8.97
8531,8.63
8532,8.06
8533,7.84
8534,6.84
8535,5.43
8536,4.47
8537,6.18
8538,5.7
8539,5.32
8540,6.01
8541,5.01
8542,4.12
8543,5.87
8544,4.65
8545,4.87
8546,5.79
8547,3.56
8548,3.23
8549,3.03
8550,2.61
8551,2.52
8552,2.65
8553,2.76
8554,2.3
8555,2.41
8556,2.74
8557,3.6
8558,3.65
8559,3.55
8560,4.11
8561,4.33
8562,4.68
8563,5.26
8564,5.83
8565,5.45
8566,4.98
8567,4.85
8568,4.88
8569,5.59
8570,5.4
8571,3.67
8572,2.73
8573,2.01
8574,2.01
8575,2.9
8576,2.87
8577,4.34
8578,4.75
8579,5.17
8580,5.04
8581,3.31
8582,2.96
8583,3.84
8584,3.92
8585,4.92
8586,4.65
8587,4.84
8588,4.03
8589,3.44
8590,3.01
8591,4.37
8592,4.64
8593,4.93
8594,4.65
8595,4.52
8596,5.52
8597,4.26
8598,5.17
8599,5.27
8600,6.74
8601,6.94
8602,7.65
8603,6.99
8604,7.83
8605,5.74
8606,5.99
8607,6.46
8608,7
8609,7.3
8610,6.33
8611,7.53
8612,9.32
8613,9.61
8614,9.12
8615,8.58
8616,8.95
8617,9
8618,8.2
8619,7.94
8620,9.48
8621,9.93
8622,9.75
8623,10.77
8624,11.76
8625,12.3
8626,10.7
8627,11.09
8628,12.27
8629,11.9
8630,11.39
8631,10.83
8632,11.78
8633,12.02
8634,12.87
8635,11.22
8636,11.09
8637,11.43
8638,12.11
8639,10.97
8640,10.61
8641,10.66
8642,10.75
8643,10.14
8644,8.91
8645,7.12
8646,6.81
8647,6.61
8648,7.31
8649,6.73
8650,7.46
8651,7.67
8652,7.62
8653,7.55
8654,6.35
8655,7.39
8656,6.77
8657,9.23
8658,9.34
8659,7.95
8660,8.17
8661,8.04
8662,8.53
8663,9.14
8664,9.4
8665,7.39
8666,7.31
8667,8.68
8668,9.7
8669,10.63
8670,10.27
8671,12.29
8672,12.36
8673,12.56
8674,10.85
8675,12.41
8676,12.33
8677,12.77
8678,11.34
8679,11.48
8680,12.76
8681,13.33
8682,13.55
8683,13.07
8684,13.44
8685,13.41
8686,13.52
8687,13.75
8688,13.81
8689,15.44
8690,13.82
8691,12.6
8692,13.07
8693,10.04
8694,11.03
8695,10.88
8696,11.12
8697,10.45
8698,8.76
8699,6.17
8700,5.89
8701,6.59
8702,7.27
8703,4.91
8704,7.87
8705,7.53
8706,7.23
8707,8.77
8708,9.78
8709,9.8
8710,10.07
8711,10.78
8712,9.05
8713,8.63
8714,8.99
8715,7.97
8716,7.88
8717,7.49
8718,7.15
8719,7.76
8720,9.47
8721,9.47
8722,10.41
8723,11.18
8724,13.48
8725,14.46
8726,19.93
8727,17.66
8728,15.52
8729,17.11
8730,15.96
8731,15.33
8732,16.44
8733,18.58
8734,14.94
8735,14.43
8736,13.7
8737,14.15
8738,14.07
8739,13.62
8740,13.04
8741,12.91
8742,11.74
8743,11.62
8744,11.09
8745,9.61
8746,9.33
8747,11.65
8748,12.64
8749,13.07
8750,12.97
8751,11.68
8752,12.18
8753,10.9
8754,12.81
8755,10.73
8756,10.37
8757,10.27
8758,11.31
8759,10.97
8760,12.03
